OrderID,OrderDate,CustomerID,ProductID,Region,Channel,Quantity,UnitPrice,Discount,COGS
1,2024-08-23,131,84,North,Marketplace,1,691,10,505.38
2,2024-08-26,148,95,South,Website,1,1453,10,921.69
3,2024-06-25,154,13,West,Mobile App,2,525,0,364.1
4,2024-08-21,155,41,South,Marketplace,2,1993,0,1234.96
5,2024-09-04,55,43,South,Website,1,1125,10,774.77
6,2024-07-02,295,78,East,Marketplace,2,1983,0,1061.42
7,2024-05-31,12,4,West,Website,2,1968,30,1311.93
8,2024-10-16,26,36,West,Marketplace,1,2992,0,1681.21
9,2024-05-26,118,50,East,Website,2,1715,0,1288.95
10,2024-04-07,129,27,South,Mobile App,2,2901,0,2141.54
11,2024-11-17,21,44,East,Mobile App,4,685,0,441.31
12,2024-01-18,297,9,East,Mobile App,3,446,0,340.27
13,2024-02-16,152,13,East,Mobile App,3,1540,10,1046.41
14,2024-03-30,103,6,South,Mobile App,1,544,0,366.78
15,2024-07-06,272,1,East,Marketplace,1,1499,0,785.95
16,2024-05-11,247,46,East,Mobile App,2,2807,0,1422.13
17,2024-06-22,59,82,West,Marketplace,1,2935,30,1592.97
18,2024-03-13,116,57,West,Marketplace,4,1591,0,1017.83
19,2024-10-12,188,24,North,Mobile App,1,2269,0,1592.91
20,2024-01-08,136,27,North,Website,1,1456,0,981.42
21,2024-12-10,135,85,West,Marketplace,1,961,0,665.58
22,2024-07-09,56,58,South,Website,2,755,20,406.43
23,2024-11-13,288,28,East,Marketplace,1,699,0,456.33
24,2024-04-23,33,61,West,Marketplace,1,665,30,526.16
25,2024-06-03,210,4,North,Website,4,1604,20,879.03
26,2024-01-20,156,98,West,Website,4,2136,0,1476.54
27,2024-04-30,276,85,South,Website,1,2053,0,1234.84
28,2024-07-08,277,52,West,Mobile App,1,339,10,230.33
29,2024-03-20,213,10,North,Marketplace,1,2319,20,1692.45
30,2024-11-11,209,70,East,Website,2,2146,10,1140.1
31,2024-07-08,112,95,West,Website,1,2388,20,1672.97
32,2024-04-30,186,60,North,Marketplace,1,1478,0,1149.43
33,2024-07-07,279,72,East,Website,1,2246,10,1454.73
34,2024-05-21,98,44,North,Marketplace,1,1797,0,1057.69
35,2024-08-20,47,69,South,Mobile App,3,1205,0,694.4
36,2024-11-01,11,19,North,Mobile App,2,2359,0,1391.67
37,2024-05-04,65,46,South,Website,2,1655,0,1044.47
38,2024-10-10,107,50,South,Marketplace,1,2546,20,1995.9
39,2024-04-29,169,45,South,Mobile App,1,403,0,213.38
40,2024-11-01,2,42,East,Marketplace,1,318,10,165.88
41,2024-03-15,67,97,East,Mobile App,1,1330,0,844.65
42,2024-02-26,14,70,South,Website,3,1273,0,792.61
43,2024-05-01,166,80,North,Website,1,318,10,198.29
44,2024-01-27,65,31,West,Mobile App,4,1197,10,772.3
45,2024-02-02,244,50,West,Mobile App,2,2137,10,1275.59
46,2024-09-19,56,57,West,Mobile App,1,915,10,582.44
47,2024-11-10,23,85,East,Website,1,936,0,741.88
48,2024-01-16,32,92,West,Marketplace,1,1500,10,1007.95
49,2024-08-06,56,91,West,Mobile App,1,1245,0,902.41
50,2024-08-15,38,97,North,Website,1,1183,0,766.4
51,2024-03-16,34,7,South,Website,1,2253,0,1447.96
52,2024-11-20,300,83,East,Website,2,1258,0,903.89
53,2024-11-01,272,40,East,Website,1,1759,0,1181.34
54,2024-11-05,221,53,North,Mobile App,5,1494,30,807.54
55,2024-02-28,283,43,South,Website,3,980,0,636.7
56,2024-04-26,212,61,East,Marketplace,2,1771,0,1203.53
57,2024-07-23,213,31,North,Website,2,676,0,398.09
58,2024-06-09,131,80,East,Marketplace,2,2470,0,1371.68
59,2024-12-17,243,69,North,Website,3,2051,0,1277.57
60,2024-02-13,48,4,West,Website,3,2207,0,1448.7
61,2024-07-09,67,96,North,Mobile App,1,624,0,387.88
62,2024-10-14,288,2,East,Mobile App,1,2173,0,1664.33
63,2024-07-29,182,63,West,Marketplace,1,2460,0,1728.58
64,2024-01-27,148,50,East,Website,1,907,10,499.09
65,2024-10-22,260,24,South,Website,1,1641,20,989.28
66,2024-09-03,115,62,North,Website,1,1295,0,656.08
67,2024-10-11,189,43,North,Mobile App,1,1039,0,770.47
68,2024-10-20,116,15,West,Marketplace,1,2487,20,1285.45
69,2024-11-14,286,19,North,Mobile App,5,2006,20,1447.46
70,2024-12-02,137,95,North,Website,1,879,0,655.88
71,2024-12-25,159,75,East,Website,1,557,0,394.29
72,2024-04-02,74,16,West,Website,1,2480,10,1245.06
73,2024-11-20,16,39,North,Mobile App,2,2464,10,1698.97
74,2024-04-20,193,43,West,Website,1,365,0,272.49
75,2024-03-21,190,14,East,Mobile App,2,1026,10,787.9
76,2024-10-17,44,56,North,Website,1,918,10,690.34
77,2024-11-12,26,23,North,Website,2,2583,10,2057.48
78,2024-12-04,218,16,West,Mobile App,2,1605,10,1158.3
79,2024-07-31,140,32,South,Mobile App,2,2206,0,1751.74
80,2024-02-28,177,24,West,Website,1,850,30,658.97
81,2024-12-13,250,52,East,Website,2,558,0,326.89
82,2024-07-21,29,96,North,Website,1,1583,0,1005.24
83,2024-04-18,71,16,East,Website,4,2713,0,1950.0
84,2024-03-02,4,56,West,Mobile App,1,2649,0,1855.89
85,2024-03-30,67,88,West,Mobile App,3,1459,0,1104.59
86,2024-04-27,257,67,East,Website,1,1523,0,986.48
87,2024-01-22,224,48,North,Website,3,1120,10,764.24
88,2024-02-09,161,9,West,Mobile App,1,2475,10,1427.49
89,2024-12-29,214,44,East,Website,2,467,0,303.3
90,2024-01-11,167,67,South,Marketplace,4,2452,20,1860.0
91,2024-11-12,236,93,East,Website,2,1398,10,729.16
92,2024-02-24,125,56,West,Mobile App,1,376,10,285.22
93,2024-09-25,41,64,West,Marketplace,3,2430,0,1489.69
94,2024-06-22,114,4,East,Mobile App,1,2927,30,1657.96
95,2024-02-09,262,40,North,Mobile App,3,1548,0,904.28
96,2024-04-09,179,75,East,Mobile App,4,1544,20,822.96
97,2024-11-26,76,79,South,Website,1,733,10,394.88
98,2024-05-11,102,70,South,Mobile App,1,1311,0,924.29
99,2024-12-01,39,95,South,Marketplace,2,2324,0,1364.69
100,2024-11-17,253,6,West,Mobile App,1,1217,10,915.35
101,2024-10-23,230,94,East,Marketplace,1,2888,0,2088.96
102,2024-11-17,162,34,South,Website,1,841,20,609.02
103,2024-08-28,227,86,East,Mobile App,2,891,10,468.95
104,2024-10-29,29,53,East,Mobile App,1,2159,0,1209.34
105,2024-06-07,237,50,West,Website,1,2234,0,1390.42
106,2024-07-07,147,18,North,Mobile App,1,860,20,625.43
107,2024-02-16,260,73,West,Website,3,528,10,268.94
108,2024-10-10,22,19,West,Marketplace,1,708,20,564.14
109,2024-10-19,97,47,East,Mobile App,4,1596,10,855.58
110,2024-09-13,78,91,North,Website,1,2038,0,1379.08
111,2024-06-24,44,46,South,Website,1,1029,30,746.95
112,2024-12-28,225,66,West,Mobile App,1,907,20,567.53
113,2024-11-08,82,50,East,Website,1,972,0,578.18
114,2024-05-24,199,2,West,Mobile App,2,2261,0,1343.88
115,2024-12-13,27,68,East,Website,1,1336,10,866.96
116,2024-02-18,286,94,West,Website,3,1173,20,608.97
117,2024-12-02,77,42,East,Website,2,1342,0,677.49
118,2024-12-05,73,86,East,Website,3,2294,10,1434.67
119,2024-12-01,201,96,South,Mobile App,1,642,0,487.39
120,2024-02-13,159,40,West,Mobile App,1,1030,0,689.37
121,2024-06-17,66,25,North,Mobile App,2,2707,10,2061.74
122,2024-08-04,261,25,East,Website,1,2023,0,1179.61
123,2024-06-07,93,78,South,Website,1,2819,0,1425.47
124,2024-09-05,99,88,South,Marketplace,2,992,0,729.84
125,2024-03-20,40,6,East,Marketplace,3,1816,0,1207.17
126,2024-02-21,260,67,North,Mobile App,3,808,20,480.8
127,2024-11-12,68,33,West,Website,1,1803,0,1326.94
128,2024-04-02,85,25,West,Website,1,1516,20,1079.26
129,2024-07-05,122,25,West,Mobile App,1,1273,0,640.35
130,2024-08-17,120,43,South,Website,1,1524,0,1093.82
131,2024-08-28,100,60,East,Mobile App,3,1355,30,997.52
132,2024-10-19,226,85,West,Mobile App,1,1596,0,1232.6
133,2024-07-14,258,44,West,Marketplace,4,2300,0,1638.64
134,2024-04-12,71,29,East,Website,1,1595,10,1157.41
135,2024-09-03,191,43,North,Mobile App,3,2393,10,1593.81
136,2024-09-21,64,43,East,Website,1,2419,20,1855.97
137,2024-03-23,140,43,West,Marketplace,1,969,10,501.75
138,2024-03-16,224,87,North,Marketplace,1,761,0,564.98
139,2024-04-23,231,77,East,Marketplace,2,1553,10,936.61
140,2024-07-31,28,65,West,Mobile App,4,1093,20,742.95
141,2024-04-30,198,47,North,Website,4,2727,20,1757.72
142,2024-01-15,164,3,North,Marketplace,4,1016,0,706.57
143,2024-11-28,172,21,South,Website,1,2025,10,1039.52
144,2024-05-26,242,23,South,Mobile App,1,1232,10,829.39
145,2024-08-28,230,88,North,Marketplace,4,2846,0,1897.58
146,2024-01-10,132,12,South,Marketplace,1,2901,10,2192.83
147,2024-10-07,271,14,West,Website,3,2494,0,1389.87
148,2024-05-27,122,16,East,Website,4,817,0,646.08
149,2024-05-02,215,9,West,Website,2,566,30,392.03
150,2024-09-12,275,2,North,Mobile App,4,2505,10,1527.55
151,2024-10-21,124,31,South,Website,1,1250,0,912.3
152,2024-01-01,181,57,South,Mobile App,1,698,10,405.37
153,2024-04-05,44,43,East,Website,1,2463,0,1969.34
154,2024-09-26,279,63,North,Website,2,1662,0,1262.38
155,2024-08-28,23,17,West,Marketplace,1,949,20,612.74
156,2024-05-09,9,71,East,Mobile App,1,2232,20,1783.41
157,2024-06-25,124,10,North,Mobile App,4,1840,0,1008.37
158,2024-06-19,69,94,North,Website,1,2617,0,1930.47
159,2024-06-22,90,57,West,Marketplace,1,2227,10,1459.58
160,2024-09-02,94,75,South,Website,1,1200,10,630.59
161,2024-08-22,19,13,East,Website,1,567,10,396.1
162,2024-04-12,22,57,East,Marketplace,1,1454,10,739.33
163,2024-09-20,204,18,West,Website,1,2309,0,1381.95
164,2024-11-27,98,19,East,Website,1,398,20,247.26
165,2024-01-25,170,82,East,Website,2,1338,0,994.75
166,2024-07-07,224,67,West,Mobile App,2,1285,10,961.03
167,2024-07-16,174,48,South,Website,1,2466,0,1688.79
168,2024-09-11,189,95,East,Marketplace,2,2191,0,1348.97
169,2024-08-05,41,80,West,Mobile App,4,1969,10,1528.77
170,2024-04-02,280,37,East,Website,1,2632,0,1572.93
171,2024-02-10,168,31,East,Website,4,2977,10,1867.12
172,2024-11-04,219,13,South,Mobile App,4,2298,0,1775.4
173,2024-06-28,229,78,North,Mobile App,3,2112,0,1162.7
174,2024-06-29,223,49,East,Mobile App,3,1493,10,813.93
175,2024-01-30,39,11,West,Website,2,2217,0,1222.57
176,2024-12-13,82,84,North,Website,3,1541,0,1021.01
177,2024-11-07,225,35,North,Website,2,1959,0,1481.4
178,2024-04-30,188,49,East,Website,4,2296,20,1736.39
179,2024-10-17,17,22,South,Mobile App,3,986,0,709.09
180,2024-07-08,191,80,West,Mobile App,1,692,0,429.94
181,2024-10-20,71,57,East,Website,4,886,10,617.25
182,2024-11-28,143,66,South,Marketplace,2,771,0,441.4
183,2024-01-14,96,47,West,Mobile App,1,2123,20,1315.58
184,2024-10-14,61,64,East,Mobile App,3,1734,10,1227.72
185,2024-12-26,229,6,South,Marketplace,3,1544,0,1181.84
186,2024-05-26,252,30,South,Website,3,2576,0,1360.25
187,2024-02-07,232,49,South,Marketplace,3,1434,10,1015.55
188,2024-08-15,45,43,East,Mobile App,1,1041,10,608.44
189,2024-12-29,34,29,East,Marketplace,4,1381,0,1003.96
190,2024-03-21,90,2,East,Mobile App,5,2022,20,1374.19
191,2024-03-03,103,16,South,Website,3,1141,10,808.65
192,2024-09-09,14,92,East,Mobile App,3,997,20,750.91
193,2024-07-07,240,33,South,Mobile App,1,1833,0,1067.07
194,2024-02-14,34,13,East,Website,1,1646,20,1286.35
195,2024-09-02,270,49,West,Mobile App,1,943,10,734.96
196,2024-10-21,38,37,South,Marketplace,2,1228,10,852.99
197,2024-11-24,38,57,West,Website,4,1500,0,1045.16
198,2024-09-21,177,34,South,Marketplace,1,1647,0,824.15
199,2024-10-09,94,33,South,Website,1,1723,0,1066.26
200,2024-01-29,64,91,South,Website,2,410,20,294.66
201,2024-03-23,166,17,South,Website,1,572,0,318.37
202,2024-09-22,146,9,North,Website,4,1184,0,654.63
203,2024-11-21,283,81,East,Website,3,1481,10,896.93
204,2024-06-04,274,80,North,Mobile App,3,2503,0,1519.4
205,2024-03-27,298,74,South,Website,1,337,0,183.88
206,2024-11-15,173,31,North,Marketplace,1,2901,0,1730.83
207,2024-01-15,42,68,North,Marketplace,1,1587,0,938.02
208,2024-10-22,136,51,South,Mobile App,2,2756,30,1988.32
209,2024-08-01,16,99,West,Marketplace,2,2097,0,1138.65
210,2024-10-06,149,49,East,Website,2,1737,0,1327.46
211,2024-12-16,208,32,East,Website,1,422,10,238.94
212,2024-12-18,31,28,South,Website,3,560,20,337.42
213,2024-09-04,238,59,South,Website,1,782,0,451.85
214,2024-03-14,161,27,East,Mobile App,1,1931,0,1221.06
215,2024-06-25,205,84,South,Mobile App,1,1094,0,701.89
216,2024-09-20,288,50,North,Website,1,1990,0,1473.46
217,2024-08-26,63,27,East,Website,1,304,20,241.55
218,2024-03-13,50,76,North,Website,1,868,10,672.14
219,2024-07-15,215,74,South,Marketplace,2,2918,10,2102.09
220,2024-03-22,168,16,East,Website,2,1269,20,879.53
221,2024-03-22,256,66,West,Website,2,737,0,518.89
222,2024-06-06,255,90,North,Website,2,2898,30,1623.91
223,2024-07-20,259,5,West,Marketplace,1,573,0,354.39
224,2024-04-20,299,100,East,Website,2,2067,0,1591.2
225,2024-05-24,254,75,West,Website,2,436,20,336.54
226,2024-01-05,56,73,West,Website,5,451,20,230.8
227,2024-05-15,188,1,West,Website,1,2445,10,1402.97
228,2024-07-24,27,70,South,Website,2,1720,20,1231.4
229,2024-05-27,38,77,West,Mobile App,5,2196,0,1131.08
230,2024-10-08,144,9,North,Website,2,2338,10,1436.82
231,2024-02-19,202,64,East,Mobile App,3,2163,0,1606.97
232,2024-06-22,286,76,East,Mobile App,1,2240,0,1654.21
233,2024-04-11,261,39,West,Mobile App,5,1799,0,1118.71
234,2024-01-24,20,92,South,Mobile App,1,379,20,205.42
235,2024-08-30,266,78,West,Website,4,2136,20,1172.64
236,2024-09-20,72,24,East,Marketplace,3,2233,0,1384.83
237,2024-06-12,84,48,West,Marketplace,2,1880,0,1172.56
238,2024-06-02,173,2,West,Mobile App,4,1115,10,616.3
239,2024-06-02,244,44,North,Website,1,902,10,515.26
240,2024-12-10,57,49,West,Mobile App,1,2712,10,1411.06
241,2024-12-18,14,15,West,Website,2,2614,10,1705.2
242,2024-12-01,297,11,South,Mobile App,1,1127,20,672.53
243,2024-10-25,246,74,South,Mobile App,1,1045,0,640.78
244,2024-11-13,195,63,South,Marketplace,1,2280,0,1434.05
245,2024-05-04,17,58,North,Website,1,1752,0,1263.43
246,2024-08-13,161,81,West,Website,1,2502,0,1289.01
247,2024-12-19,105,39,West,Mobile App,2,2399,10,1485.11
248,2024-11-09,242,6,North,Mobile App,2,897,20,462.0
249,2024-09-22,107,92,East,Marketplace,1,1911,10,1018.91
250,2024-09-01,270,80,West,Website,1,2876,0,2168.79
251,2024-03-29,236,38,East,Mobile App,3,2267,10,1522.34
252,2024-12-12,136,81,West,Website,1,307,10,215.68
253,2024-05-06,143,76,East,Website,1,518,10,348.18
254,2024-06-01,148,97,South,Mobile App,1,776,20,538.68
255,2024-09-07,163,59,West,Website,1,1678,0,1192.64
256,2024-05-20,148,35,North,Mobile App,2,2940,10,2072.16
257,2024-10-05,195,9,West,Marketplace,2,2382,0,1870.14
258,2024-03-15,149,53,North,Website,1,2865,0,1588.12
259,2024-02-10,178,12,West,Mobile App,1,2694,20,2022.03
260,2024-09-02,110,26,South,Marketplace,1,353,0,225.86
261,2024-05-18,288,22,East,Website,5,2358,0,1625.72
262,2024-11-11,123,14,South,Website,1,703,10,408.96
263,2024-09-28,116,65,South,Website,2,2396,20,1491.34
264,2024-07-30,170,87,West,Website,3,2370,10,1516.3
265,2024-03-11,3,16,South,Website,1,2430,10,1758.6
266,2024-08-31,245,20,South,Mobile App,3,2988,10,2080.17
267,2024-05-27,165,89,East,Mobile App,2,1883,0,1266.53
268,2024-02-15,294,58,South,Mobile App,1,574,0,299.01
269,2024-01-20,90,60,West,Marketplace,1,2808,0,1990.76
270,2024-03-31,19,31,West,Mobile App,1,691,0,547.26
271,2024-04-05,149,9,North,Website,2,881,20,546.01
272,2024-10-17,55,93,East,Website,5,2183,10,1637.16
273,2024-11-24,279,86,West,Marketplace,2,599,0,317.49
274,2024-03-09,259,77,West,Website,2,2617,20,1824.37
275,2024-02-27,170,80,South,Mobile App,2,2525,10,1397.81
276,2024-11-27,132,49,South,Website,1,1539,0,836.98
277,2024-06-21,152,93,South,Website,1,2615,10,1523.23
278,2024-11-23,208,40,West,Mobile App,1,1925,0,1396.83
279,2024-02-14,206,42,North,Website,3,1306,10,986.07
280,2024-03-12,245,11,East,Marketplace,2,2136,0,1386.0
281,2024-01-04,134,60,West,Website,1,2760,0,1653.87
282,2024-05-16,169,26,East,Mobile App,5,2008,0,1267.91
283,2024-10-20,6,34,East,Mobile App,3,701,10,385.06
284,2024-12-20,121,85,North,Mobile App,2,1051,0,819.81
285,2024-08-26,158,91,South,Website,1,440,20,256.39
286,2024-09-14,160,100,North,Mobile App,4,1917,10,1403.35
287,2024-05-31,189,58,South,Website,2,1910,20,1006.85
288,2024-03-09,245,34,South,Website,4,386,20,294.43
289,2024-11-06,192,57,West,Mobile App,4,2322,0,1429.37
290,2024-08-29,276,56,South,Mobile App,1,1422,10,803.79
291,2024-12-14,42,92,West,Mobile App,1,385,10,226.31
292,2024-07-04,40,8,North,Website,3,1239,0,743.17
293,2024-10-07,259,87,South,Mobile App,1,1358,0,889.21
294,2024-03-17,85,51,East,Marketplace,2,1810,0,1388.06
295,2024-08-14,60,22,South,Mobile App,2,418,30,224.86
296,2024-09-07,47,49,West,Marketplace,1,2273,30,1690.47
297,2024-08-20,68,86,West,Website,1,548,0,339.68
298,2024-01-30,287,73,West,Mobile App,1,1928,10,1319.89
299,2024-06-06,12,96,West,Website,2,775,0,392.84
300,2024-01-02,112,43,North,Website,4,2519,30,1371.45
301,2024-06-25,33,79,North,Marketplace,3,1113,20,858.54
302,2024-02-05,242,46,North,Website,2,319,0,203.79
303,2024-04-02,70,88,West,Website,4,310,0,224.37
304,2024-07-14,230,61,West,Website,1,2824,10,1872.39
305,2024-12-15,277,60,South,Mobile App,4,860,10,545.39
306,2024-06-27,61,6,South,Marketplace,1,2214,10,1614.22
307,2024-07-20,271,94,South,Mobile App,1,1747,10,986.34
308,2024-04-24,2,41,North,Marketplace,1,559,10,398.31
309,2024-08-25,279,50,West,Mobile App,1,2715,10,1556.42
310,2024-04-27,127,35,West,Website,3,2394,10,1859.34
311,2024-05-21,97,61,North,Website,1,342,20,189.34
312,2024-12-04,215,37,North,Website,1,2667,0,2076.7
313,2024-02-04,52,68,North,Website,1,598,0,387.13
314,2024-12-10,25,84,South,Mobile App,4,829,10,632.73
315,2024-07-24,225,59,South,Mobile App,1,1115,0,758.8
316,2024-01-29,72,18,East,Website,2,436,30,277.34
317,2024-10-21,164,97,East,Website,2,1452,0,1100.13
318,2024-03-14,267,94,South,Website,1,806,10,417.96
319,2024-05-20,32,62,South,Mobile App,3,607,0,437.34
320,2024-08-06,285,61,West,Website,3,1720,0,983.87
321,2024-06-25,196,57,East,Mobile App,1,1977,0,1530.18
322,2024-07-28,77,64,East,Website,3,1873,10,1347.93
323,2024-10-02,243,17,South,Marketplace,3,1241,10,960.17
324,2024-06-02,74,40,West,Marketplace,1,2322,10,1583.4
325,2024-10-14,212,24,West,Mobile App,1,2937,10,1737.3
326,2024-03-09,199,50,South,Website,1,1193,0,851.87
327,2024-06-18,41,21,West,Marketplace,1,812,10,515.02
328,2024-02-17,275,31,South,Website,3,1195,10,943.75
329,2024-07-12,21,88,North,Website,2,1665,10,1244.2
330,2024-10-27,287,21,South,Website,3,2976,30,2094.56
331,2024-06-19,156,43,North,Website,2,919,10,543.3
332,2024-04-07,61,29,West,Marketplace,3,2351,0,1212.43
333,2024-12-22,105,28,West,Marketplace,1,424,0,313.54
334,2024-10-09,165,51,East,Website,4,864,0,662.01
335,2024-09-30,184,5,East,Website,1,2386,0,1875.16
336,2024-09-19,255,96,West,Website,2,2732,10,1895.41
337,2024-08-28,164,90,South,Website,1,1361,0,956.05
338,2024-07-30,24,19,South,Mobile App,1,2219,30,1660.71
339,2024-01-09,134,10,West,Website,1,507,20,370.34
340,2024-04-10,169,86,South,Website,1,2902,0,1612.07
341,2024-05-05,256,88,East,Website,2,2429,0,1479.82
342,2024-09-07,252,96,West,Website,1,1173,10,879.9
343,2024-06-29,87,47,South,Mobile App,1,2734,10,1591.05
344,2024-09-07,95,89,North,Mobile App,2,1994,20,1002.98
345,2024-02-08,25,89,North,Website,4,1566,0,1179.66
346,2024-11-18,119,84,North,Mobile App,1,2272,20,1666.68
347,2024-01-05,112,31,West,Website,2,1039,0,704.71
348,2024-11-12,248,20,West,Website,1,1284,20,953.17
349,2024-09-29,283,71,West,Website,1,2972,20,2019.52
350,2024-09-28,141,60,East,Website,1,1930,10,1420.92
351,2024-12-23,221,9,South,Website,3,1920,10,1098.26
352,2024-02-19,269,35,South,Website,1,1091,10,793.54
353,2024-11-13,270,90,East,Marketplace,2,2854,0,2000.8
354,2024-05-16,204,64,North,Website,5,555,10,379.66
355,2024-07-26,236,51,South,Marketplace,1,327,10,195.25
356,2024-04-25,154,88,North,Mobile App,5,2994,10,1766.67
357,2024-11-28,17,51,North,Website,1,1090,10,809.39
358,2024-07-12,283,48,West,Website,2,406,0,300.18
359,2024-01-05,88,21,North,Website,1,1368,0,1048.81
360,2024-08-10,170,11,North,Marketplace,2,605,0,304.27
361,2024-01-22,118,77,South,Marketplace,2,1775,0,990.75
362,2024-12-20,291,16,West,Website,4,544,10,416.99
363,2024-02-08,144,40,North,Website,4,600,0,432.47
364,2024-06-10,9,22,South,Mobile App,1,2137,0,1548.19
365,2024-12-30,204,63,North,Website,2,2753,20,2157.55
366,2024-10-15,124,92,West,Mobile App,2,561,0,435.03
367,2024-10-03,170,56,West,Mobile App,1,2020,20,1501.25
368,2024-03-12,41,38,East,Website,1,674,0,484.53
369,2024-08-11,119,68,North,Website,1,2729,30,1672.79
370,2024-11-10,204,57,East,Website,1,2274,0,1818.7
371,2024-05-19,231,68,West,Website,4,1574,20,1059.1
372,2024-10-10,193,67,West,Website,2,2693,10,1921.6
373,2024-10-26,195,55,North,Mobile App,1,353,10,230.02
374,2024-05-31,127,75,North,Website,1,2554,0,1901.14
375,2024-03-19,195,6,South,Mobile App,1,871,0,502.6
376,2024-06-11,185,65,North,Website,3,1791,0,1317.3
377,2024-06-06,228,92,East,Mobile App,1,2980,0,2220.0
378,2024-02-22,68,91,North,Website,2,797,0,598.21
379,2024-08-17,286,22,West,Website,3,2143,10,1202.35
380,2024-02-15,182,78,North,Mobile App,2,1506,0,1017.91
381,2024-06-15,198,88,North,Website,1,771,20,545.34
382,2024-07-17,44,47,South,Mobile App,2,2819,0,2030.15
383,2024-03-27,195,100,South,Website,2,2972,0,2150.45
384,2024-06-03,138,53,West,Website,3,1988,10,1103.44
385,2024-03-26,223,12,East,Website,1,2294,0,1639.16
386,2024-09-04,40,62,East,Website,1,1172,0,616.13
387,2024-05-06,254,35,South,Website,1,913,0,535.83
388,2024-03-10,156,39,North,Marketplace,1,2715,0,2026.79
389,2024-06-19,195,36,East,Website,5,2647,0,1584.93
390,2024-08-08,70,57,East,Website,2,311,0,182.66
391,2024-12-21,103,6,West,Website,1,2284,30,1667.98
392,2024-07-22,164,2,East,Mobile App,3,940,0,517.08
393,2024-11-20,252,76,South,Website,1,317,0,218.3
394,2024-05-23,202,14,East,Website,1,698,0,488.06
395,2024-10-15,103,29,South,Mobile App,2,1834,20,1187.79
396,2024-10-08,14,82,West,Marketplace,2,520,20,282.61
397,2024-04-17,225,44,East,Marketplace,1,1681,20,975.6
398,2024-02-05,210,32,West,Website,1,2339,10,1713.14
399,2024-06-04,124,71,East,Mobile App,1,405,10,253.68
400,2024-08-04,194,10,North,Website,3,1765,20,1103.81
401,2024-11-02,246,54,West,Mobile App,1,1638,10,894.97
402,2024-12-20,215,28,North,Mobile App,1,2524,0,1813.22
403,2024-07-03,275,84,North,Website,1,2368,30,1851.9
404,2024-05-07,182,27,South,Mobile App,2,767,0,476.75
405,2024-01-23,289,15,West,Marketplace,3,2287,0,1369.75
406,2024-06-18,221,45,North,Website,1,1644,20,1155.7
407,2024-05-12,114,89,South,Website,3,2130,10,1503.76
408,2024-07-19,238,35,South,Website,4,2958,20,1781.59
409,2024-01-13,248,91,North,Website,4,2492,0,1854.97
410,2024-02-13,60,51,South,Website,1,2837,0,1498.7
411,2024-06-24,234,41,South,Mobile App,2,863,0,567.24
412,2024-06-27,244,12,North,Website,3,1772,0,1095.09
413,2024-12-22,232,76,East,Website,1,2744,0,1654.56
414,2024-01-23,59,30,North,Marketplace,1,2428,10,1637.36
415,2024-11-27,56,75,South,Marketplace,1,349,0,241.48
416,2024-05-04,265,6,South,Mobile App,2,2558,0,1940.21
417,2024-06-18,287,62,West,Marketplace,3,1237,20,708.67
418,2024-04-28,208,94,South,Website,1,1645,10,1186.95
419,2024-12-02,222,70,West,Website,5,2599,0,2005.58
420,2024-11-10,102,24,West,Mobile App,2,1216,20,810.47
421,2024-07-18,3,28,South,Website,1,424,0,240.44
422,2024-12-26,33,98,North,Mobile App,1,2605,0,1383.61
423,2024-10-01,96,13,East,Website,3,2012,10,1289.33
424,2024-08-22,59,87,East,Mobile App,1,607,0,373.3
425,2024-09-07,271,61,East,Mobile App,5,730,20,509.42
426,2024-11-08,201,35,North,Website,1,469,0,234.64
427,2024-08-22,89,66,East,Marketplace,1,706,0,389.98
428,2024-10-29,44,1,South,Website,1,1439,20,888.96
429,2024-05-02,157,31,North,Website,1,511,0,343.95
430,2024-12-21,73,99,West,Website,2,1763,10,1037.71
431,2024-03-11,295,2,West,Website,1,2694,0,1860.97
432,2024-09-06,276,3,South,Mobile App,1,335,20,254.7
433,2024-09-07,148,84,South,Website,1,2752,0,2050.56
434,2024-08-18,28,17,East,Marketplace,1,2221,10,1454.84
435,2024-09-05,70,90,South,Marketplace,4,2161,0,1720.84
436,2024-10-14,259,95,West,Website,4,1863,0,1418.04
437,2024-09-08,213,53,West,Website,1,2272,0,1181.69
438,2024-02-12,290,98,North,Mobile App,1,2892,30,2227.78
439,2024-04-22,150,24,North,Website,1,1707,0,1115.44
440,2024-10-02,148,95,South,Mobile App,1,2338,10,1232.36
441,2024-10-16,254,18,North,Mobile App,3,1388,0,1009.55
442,2024-05-17,279,54,East,Mobile App,1,477,30,332.16
443,2024-01-22,226,25,South,Marketplace,2,2569,20,1851.56
444,2024-02-22,127,32,East,Marketplace,5,2506,20,1902.56
445,2024-01-17,231,7,East,Website,1,2302,0,1753.04
446,2024-02-14,225,81,North,Mobile App,4,1325,30,746.15
447,2024-05-01,108,57,East,Marketplace,4,1251,0,977.46
448,2024-11-08,220,90,South,Mobile App,1,1182,0,783.05
449,2024-04-15,106,35,North,Mobile App,1,2851,10,2202.02
450,2024-09-29,144,37,South,Website,1,2011,10,1422.62
451,2024-12-26,150,53,East,Mobile App,1,1607,0,840.47
452,2024-09-20,49,32,South,Marketplace,1,327,20,244.81
453,2024-07-29,31,39,East,Marketplace,1,1498,0,908.57
454,2024-03-05,68,30,South,Website,1,952,0,613.79
455,2024-06-13,127,51,West,Website,1,2113,30,1635.93
456,2024-10-22,138,59,West,Website,1,933,0,531.94
457,2024-02-08,48,13,West,Mobile App,1,2235,0,1640.26
458,2024-05-22,189,42,West,Marketplace,1,334,10,180.66
459,2024-06-16,298,21,North,Marketplace,2,1229,10,806.73
460,2024-02-17,235,55,East,Marketplace,4,2479,0,1432.44
461,2024-09-30,204,67,South,Marketplace,2,575,30,456.44
462,2024-04-18,254,14,East,Website,5,612,0,357.45
463,2024-05-25,173,38,South,Mobile App,4,2406,0,1713.45
464,2024-09-05,176,6,North,Website,1,1258,0,780.14
465,2024-11-16,236,45,North,Website,4,539,0,305.34
466,2024-03-21,226,91,West,Website,1,2234,20,1358.37
467,2024-08-07,104,90,South,Marketplace,5,2754,10,1733.49
468,2024-06-03,82,90,East,Website,1,362,10,202.41
469,2024-07-03,129,31,North,Website,1,1058,10,612.68
470,2024-11-28,85,13,North,Website,1,2937,10,2018.88
471,2024-06-05,120,41,West,Mobile App,1,2415,0,1254.27
472,2024-12-26,49,93,North,Website,2,2152,0,1217.62
473,2024-02-09,68,77,South,Mobile App,4,1109,20,868.22
474,2024-08-15,5,34,North,Mobile App,1,366,10,229.29
475,2024-03-02,217,83,South,Website,1,1240,10,760.18
476,2024-04-27,197,47,North,Mobile App,1,343,0,222.75
477,2024-02-22,53,19,East,Website,1,1397,10,847.04
478,2024-06-02,71,12,West,Mobile App,1,1095,0,652.0
479,2024-03-09,74,85,North,Mobile App,3,2740,0,1635.0
480,2024-01-05,85,43,West,Website,1,2619,10,1390.16
481,2024-04-19,78,52,West,Mobile App,1,898,30,597.4
482,2024-08-14,112,1,North,Marketplace,1,1295,0,951.24
483,2024-03-12,64,46,West,Website,2,1107,0,724.37
484,2024-08-07,162,11,South,Website,1,2239,20,1250.35
485,2024-11-26,44,18,South,Mobile App,2,858,0,472.54
486,2024-11-03,146,62,North,Marketplace,3,1616,10,859.72
487,2024-12-03,155,18,South,Mobile App,3,569,20,382.93
488,2024-09-17,97,86,West,Website,3,2202,20,1381.54
489,2024-01-28,123,33,West,Website,2,1765,0,1272.72
490,2024-05-03,256,41,North,Mobile App,3,2300,0,1701.62
491,2024-01-07,185,63,East,Website,2,2284,0,1813.96
492,2024-10-18,216,54,East,Mobile App,1,2575,10,1606.32
493,2024-03-29,242,72,North,Website,2,1490,0,845.37
494,2024-02-04,8,71,East,Website,2,310,0,237.05
495,2024-01-31,204,80,East,Mobile App,4,1163,10,772.99
496,2024-09-13,213,73,West,Mobile App,1,1736,0,1374.81
497,2024-02-12,275,7,South,Website,1,714,10,474.12
498,2024-06-07,41,95,South,Marketplace,1,2224,0,1119.85
499,2024-03-20,275,4,East,Website,3,709,0,531.89
500,2024-11-20,34,39,East,Mobile App,1,1588,0,1198.07
501,2024-05-02,30,54,South,Website,1,1582,10,1111.15
502,2024-08-10,60,56,West,Mobile App,1,1953,20,1132.35
503,2024-01-29,159,94,South,Website,1,414,0,261.45
504,2024-12-28,71,56,North,Website,1,464,0,347.32
505,2024-06-26,268,47,East,Website,1,887,0,477.52
506,2024-03-05,138,77,North,Mobile App,1,1154,0,799.08
507,2024-01-16,172,76,West,Website,1,1863,0,1055.82
508,2024-02-02,135,17,North,Website,1,2199,0,1346.68
509,2024-09-18,185,16,North,Website,3,1598,0,826.79
510,2024-10-17,86,1,East,Website,4,2851,20,1920.06
511,2024-02-22,294,94,North,Website,2,659,0,357.09
512,2024-09-17,2,4,North,Marketplace,2,2963,0,2253.39
513,2024-01-07,126,1,North,Website,5,578,0,414.38
514,2024-07-15,77,64,South,Marketplace,5,660,10,413.57
515,2024-01-19,284,98,West,Website,1,362,10,199.82
516,2024-05-07,214,38,East,Website,1,628,30,405.47
517,2024-02-09,293,51,East,Website,3,302,0,157.44
518,2024-12-10,27,87,South,Website,2,2923,10,1792.47
519,2024-09-21,24,91,West,Website,3,932,10,545.8
520,2024-08-26,145,15,East,Website,1,2437,0,1326.55
521,2024-10-10,234,27,North,Website,4,2097,0,1272.55
522,2024-05-29,289,40,East,Mobile App,2,1890,10,1462.88
523,2024-05-04,238,54,East,Mobile App,1,843,0,603.64
524,2024-09-09,101,66,South,Website,3,1366,20,1086.02
525,2024-07-28,13,61,South,Mobile App,4,2662,10,1359.1
526,2024-11-21,5,34,East,Website,2,2914,20,1933.01
527,2024-12-02,193,50,East,Website,1,1657,0,1255.64
528,2024-09-28,122,31,West,Website,1,1867,30,1382.85
529,2024-01-31,73,20,East,Website,1,830,0,624.06
530,2024-04-28,267,7,West,Mobile App,1,1083,0,705.88
531,2024-07-09,235,18,North,Mobile App,1,837,0,614.77
532,2024-09-15,69,46,West,Website,1,1663,0,1073.81
533,2024-10-17,32,30,West,Mobile App,2,1469,0,889.9
534,2024-03-07,122,69,East,Website,2,2206,0,1325.37
535,2024-06-10,202,36,East,Website,2,2077,0,1359.64
536,2024-05-19,120,40,North,Marketplace,4,1518,0,1031.93
537,2024-03-10,300,27,North,Website,2,1607,0,943.06
538,2024-03-25,231,60,West,Website,2,2403,0,1847.87
539,2024-03-02,275,96,East,Marketplace,1,2048,0,1367.41
540,2024-04-16,232,16,East,Website,1,2095,20,1324.61
541,2024-03-02,47,33,South,Marketplace,3,2320,20,1807.95
542,2024-06-04,21,31,South,Marketplace,1,344,0,188.56
543,2024-06-16,76,93,North,Mobile App,1,1252,0,821.58
544,2024-07-01,203,65,North,Mobile App,1,1108,0,560.59
545,2024-05-13,90,76,North,Marketplace,1,2081,20,1494.25
546,2024-08-19,285,84,South,Website,1,1504,0,1123.17
547,2024-02-22,72,91,North,Website,1,1370,20,688.19
548,2024-04-23,67,17,South,Marketplace,4,1868,0,1208.55
549,2024-07-09,44,29,East,Marketplace,2,510,0,385.4
550,2024-02-08,12,88,North,Website,2,2412,0,1571.8
551,2024-11-26,228,87,South,Website,1,314,0,220.12
552,2024-06-18,63,59,North,Marketplace,1,979,0,668.95
553,2024-01-26,87,67,West,Marketplace,3,2678,20,1507.9
554,2024-07-21,255,42,North,Website,2,870,10,487.43
555,2024-08-06,89,99,East,Website,1,920,0,629.94
556,2024-04-05,141,34,East,Website,1,479,0,345.9
557,2024-03-17,18,8,South,Mobile App,1,1586,0,1219.91
558,2024-09-12,211,58,West,Website,4,1504,0,983.54
559,2024-05-23,197,1,South,Website,1,2675,20,1601.94
560,2024-11-25,270,33,South,Mobile App,1,815,0,531.75
561,2024-10-05,10,86,West,Mobile App,4,627,10,408.08
562,2024-07-02,246,65,West,Website,1,2758,0,2143.61
563,2024-10-16,258,49,East,Website,3,2793,0,1690.7
564,2024-04-02,14,29,East,Mobile App,1,2375,20,1331.43
565,2024-01-16,144,1,North,Marketplace,2,1295,10,885.32
566,2024-08-29,272,60,East,Mobile App,3,1679,10,1211.82
567,2024-04-29,82,74,North,Website,2,2937,20,1891.4
568,2024-05-03,137,29,North,Mobile App,3,2392,0,1371.2
569,2024-04-22,295,57,West,Website,1,2603,20,1484.75
570,2024-03-29,91,39,South,Mobile App,1,877,30,593.78
571,2024-12-23,184,46,North,Mobile App,1,331,0,173.33
572,2024-06-29,291,54,South,Mobile App,2,713,0,358.68
573,2024-04-06,253,15,East,Website,2,874,10,544.53
574,2024-01-20,47,17,North,Website,3,2422,0,1854.65
575,2024-04-22,11,6,West,Website,2,524,0,282.71
576,2024-11-10,104,78,South,Website,1,1012,20,645.01
577,2024-03-31,166,66,North,Website,5,1603,30,1169.16
578,2024-10-27,73,87,North,Marketplace,1,1385,0,989.66
579,2024-07-05,38,100,East,Mobile App,1,2542,20,1508.57
580,2024-12-05,203,39,North,Website,1,2306,20,1415.45
581,2024-06-14,70,69,South,Mobile App,1,401,0,275.78
582,2024-08-11,250,10,East,Website,1,1215,0,898.83
583,2024-10-14,183,90,South,Mobile App,4,393,20,255.66
584,2024-03-30,194,39,East,Mobile App,1,2304,20,1499.18
585,2024-05-30,66,17,South,Mobile App,1,2440,20,1587.33
586,2024-12-25,294,70,West,Marketplace,1,1449,10,1127.5
587,2024-10-17,17,96,South,Mobile App,1,1674,20,982.65
588,2024-11-09,114,23,North,Marketplace,1,2850,0,1618.98
589,2024-03-13,170,77,North,Website,1,1875,10,1131.92
590,2024-06-12,86,26,North,Marketplace,2,372,0,284.17
591,2024-12-09,172,31,West,Website,1,984,20,786.29
592,2024-04-17,128,61,North,Website,3,1735,20,1286.23
593,2024-02-25,1,28,North,Website,1,1865,0,1224.14
594,2024-08-02,86,56,West,Website,2,2632,10,1534.31
595,2024-07-12,180,59,West,Website,1,1525,0,1134.82
596,2024-09-02,296,78,South,Website,3,949,0,590.27
597,2024-02-07,18,22,East,Website,1,1960,0,1231.84
598,2024-05-13,54,39,North,Website,1,1728,10,1231.48
599,2024-07-11,83,28,North,Mobile App,3,674,0,370.45
600,2024-02-17,174,64,West,Mobile App,3,394,10,296.04
601,2024-08-08,85,48,West,Website,2,2466,10,1571.19
602,2024-02-21,170,84,South,Marketplace,1,1424,20,833.28
603,2024-07-28,284,80,East,Mobile App,1,1282,0,941.88
604,2024-06-01,122,96,North,Website,4,1335,0,836.32
605,2024-10-19,282,71,West,Website,2,2186,0,1439.0
606,2024-07-03,2,10,West,Website,1,357,0,224.97
607,2024-12-04,246,32,South,Website,4,2872,10,2023.27
608,2024-04-15,88,99,East,Marketplace,1,371,0,239.1
609,2024-08-30,60,16,East,Mobile App,1,426,0,330.83
610,2024-08-29,251,60,East,Website,2,1745,20,991.93
611,2024-10-05,199,97,South,Website,4,2413,20,1543.28
612,2024-07-14,190,23,South,Website,2,545,0,296.77
613,2024-05-14,226,51,West,Website,2,1002,0,636.34
614,2024-05-17,289,67,North,Website,4,2353,20,1648.5
615,2024-12-22,50,87,North,Mobile App,3,2876,0,1512.26
616,2024-10-04,212,43,South,Mobile App,3,401,10,266.74
617,2024-07-17,268,65,West,Marketplace,1,534,0,365.34
618,2024-12-17,244,19,South,Website,2,400,10,252.26
619,2024-02-10,203,65,North,Mobile App,1,1958,10,1098.1
620,2024-09-21,293,55,South,Website,1,1826,10,1261.58
621,2024-08-17,89,67,South,Marketplace,2,2137,0,1526.14
622,2024-04-08,65,98,North,Website,1,1408,0,706.72
623,2024-12-15,223,9,South,Marketplace,1,1752,0,1142.93
624,2024-11-17,76,21,East,Website,1,1923,20,1185.94
625,2024-02-04,45,2,West,Mobile App,1,2854,0,1545.37
626,2024-10-09,167,14,East,Mobile App,4,1472,10,1091.7
627,2024-01-07,268,16,West,Website,3,488,20,246.92
628,2024-03-17,76,89,North,Marketplace,1,758,10,544.56
629,2024-10-15,52,15,East,Marketplace,1,1892,0,1336.22
630,2024-06-25,211,23,East,Website,3,1689,10,1350.24
631,2024-09-05,293,23,West,Website,1,2770,0,1926.81
632,2024-05-21,207,6,South,Mobile App,2,2484,0,1541.45
633,2024-12-14,206,100,North,Website,2,1033,10,649.99
634,2024-06-18,122,51,North,Mobile App,1,1156,10,910.01
635,2024-05-17,191,53,North,Website,2,2253,10,1662.55
636,2024-06-04,160,47,East,Marketplace,1,1461,20,947.08
637,2024-12-22,51,86,South,Website,2,2326,0,1490.12
638,2024-08-14,165,10,East,Mobile App,1,2097,0,1583.39
639,2024-11-05,46,10,South,Website,5,991,0,703.1
640,2024-07-27,249,19,East,Marketplace,4,2612,10,1659.39
641,2024-09-20,82,61,North,Website,2,2955,10,1644.8
642,2024-09-16,207,86,South,Mobile App,1,327,20,206.54
643,2024-09-25,292,42,North,Website,3,2731,0,1660.35
644,2024-04-12,30,5,South,Website,1,1839,0,1314.37
645,2024-01-26,185,92,South,Website,2,929,0,672.24
646,2024-08-25,259,20,West,Mobile App,2,510,10,263.67
647,2024-03-04,16,78,South,Website,1,450,10,262.01
648,2024-10-31,229,82,South,Marketplace,1,2279,0,1260.9
649,2024-08-30,283,26,East,Website,1,1482,10,865.35
650,2024-05-12,47,41,East,Website,1,2796,0,1774.13
651,2024-01-26,84,43,South,Marketplace,1,1345,0,1036.48
652,2024-11-27,116,37,South,Website,1,2216,0,1317.44
653,2024-07-28,263,15,North,Marketplace,1,2944,10,2144.56
654,2024-12-15,5,30,West,Marketplace,1,1674,20,1019.62
655,2024-11-27,89,90,North,Website,1,2281,0,1234.3
656,2024-11-07,157,47,East,Website,2,919,20,649.81
657,2024-07-11,179,86,West,Website,4,1705,0,988.71
658,2024-08-26,155,39,West,Mobile App,1,2519,20,1826.04
659,2024-01-04,262,59,East,Mobile App,1,841,0,491.21
660,2024-10-31,145,29,East,Mobile App,1,1061,20,588.18
661,2024-09-03,33,98,East,Marketplace,1,836,10,517.97
662,2024-11-23,167,60,East,Website,1,2774,0,2148.07
663,2024-12-30,153,89,South,Website,1,1069,0,647.94
664,2024-05-03,30,77,West,Mobile App,1,1535,0,1119.47
665,2024-12-14,72,55,North,Mobile App,3,2487,20,1466.24
666,2024-05-31,133,42,West,Website,1,1743,0,920.04
667,2024-01-19,299,97,South,Website,2,1735,0,1195.4
668,2024-04-23,274,38,West,Marketplace,2,2443,0,1520.66
669,2024-12-09,184,33,East,Marketplace,1,1400,20,707.06
670,2024-12-02,286,74,South,Website,1,1465,10,966.77
671,2024-08-29,66,74,East,Mobile App,2,1065,30,810.17
672,2024-10-13,94,42,East,Mobile App,1,2325,20,1643.54
673,2024-04-23,182,77,South,Mobile App,2,417,0,235.35
674,2024-06-06,216,11,East,Website,1,1126,0,734.35
675,2024-10-26,151,33,West,Marketplace,2,643,10,420.73
676,2024-08-28,28,33,North,Website,3,611,0,306.42
677,2024-04-09,257,100,North,Marketplace,4,2955,0,2130.57
678,2024-07-14,272,89,East,Website,1,1710,10,1024.12
679,2024-03-18,71,58,South,Website,1,1899,10,1392.45
680,2024-10-18,235,90,South,Website,2,1553,20,1214.4
681,2024-04-02,42,33,West,Website,1,483,20,338.25
682,2024-03-31,161,11,North,Website,3,1261,10,844.61
683,2024-05-20,108,44,South,Mobile App,1,909,30,650.52
684,2024-03-22,251,5,North,Website,2,2790,20,1427.42
685,2024-08-10,220,59,West,Website,1,470,10,265.23
686,2024-09-01,197,34,North,Website,1,2479,10,1757.17
687,2024-04-12,192,17,North,Marketplace,2,490,10,312.18
688,2024-09-28,98,40,North,Mobile App,1,2442,0,1226.24
689,2024-11-16,128,4,South,Mobile App,1,2603,0,1994.48
690,2024-06-25,160,43,South,Website,1,2086,10,1453.64
691,2024-09-14,157,73,South,Website,1,493,0,394.38
692,2024-01-24,153,42,East,Website,1,1268,10,1008.69
693,2024-09-23,269,29,East,Website,3,364,20,276.49
694,2024-12-17,69,63,East,Marketplace,2,2113,20,1103.55
695,2024-09-07,184,79,South,Website,2,2010,30,1035.65
696,2024-07-25,10,70,South,Website,1,2737,20,1626.44
697,2024-03-08,109,86,North,Mobile App,2,2128,10,1243.79
698,2024-03-27,64,86,East,Mobile App,3,458,10,294.57
699,2024-01-20,193,64,East,Mobile App,1,840,0,668.1
700,2024-11-15,25,45,North,Mobile App,2,2924,0,1610.69
701,2024-11-30,11,37,North,Mobile App,5,2984,10,1675.39
702,2024-08-01,228,85,West,Website,1,2228,20,1423.34
703,2024-05-09,243,30,South,Website,1,2828,10,1579.37
704,2024-12-17,5,69,East,Website,1,1966,0,1116.09
705,2024-02-21,267,31,East,Mobile App,1,1760,0,975.9
706,2024-12-24,71,16,West,Marketplace,2,2519,0,1969.05
707,2024-02-23,262,4,North,Website,1,2786,0,2200.45
708,2024-02-24,255,54,South,Mobile App,3,2324,0,1636.08
709,2024-05-14,268,73,South,Website,5,721,30,514.02
710,2024-07-28,152,75,South,Website,3,2522,0,1387.05
711,2024-09-11,107,68,West,Website,1,1202,0,897.33
712,2024-01-02,7,67,North,Marketplace,1,2397,0,1443.46
713,2024-10-20,253,29,South,Marketplace,1,2023,20,1535.58
714,2024-09-18,39,42,North,Marketplace,2,689,0,550.04
715,2024-11-25,119,93,West,Marketplace,3,1615,0,1064.73
716,2024-05-31,136,77,West,Website,2,2275,0,1542.82
717,2024-03-30,21,46,East,Website,1,1827,0,996.45
718,2024-12-12,161,93,West,Mobile App,1,1111,10,621.39
719,2024-02-18,24,78,North,Marketplace,4,2883,0,1859.5
720,2024-12-05,88,24,East,Website,1,1406,20,789.69
721,2024-08-12,138,3,North,Website,1,2254,10,1511.06
722,2024-06-24,94,53,North,Website,1,2815,0,1647.24
723,2024-08-21,140,13,West,Mobile App,5,753,0,449.14
724,2024-09-01,216,72,South,Website,2,2677,0,1342.59
725,2024-12-22,31,85,South,Website,1,1648,0,1229.44
726,2024-10-29,248,94,West,Website,4,946,10,493.98
727,2024-07-13,184,22,North,Marketplace,1,2023,0,1173.89
728,2024-03-07,248,60,West,Website,2,2422,0,1801.73
729,2024-07-29,226,86,North,Website,3,829,0,527.03
730,2024-12-01,161,38,North,Mobile App,1,1986,0,1499.95
731,2024-12-13,269,45,South,Marketplace,2,2847,0,1822.76
732,2024-12-08,174,92,North,Website,1,2489,30,1692.47
733,2024-05-07,247,3,East,Mobile App,2,820,0,584.34
734,2024-11-24,198,71,South,Marketplace,2,467,0,269.91
735,2024-10-12,28,54,North,Mobile App,3,2202,0,1101.96
736,2024-03-21,259,59,West,Marketplace,1,1541,10,1171.55
737,2024-03-25,39,87,West,Website,4,514,0,400.77
738,2024-06-18,143,78,North,Mobile App,3,1074,0,819.08
739,2024-10-08,194,96,West,Marketplace,1,703,0,467.45
740,2024-02-10,236,49,West,Marketplace,1,1037,0,650.17
741,2024-08-17,46,30,West,Website,1,779,10,495.69
742,2024-03-01,255,5,North,Website,1,2104,0,1426.03
743,2024-07-30,19,24,North,Marketplace,5,1349,10,900.58
744,2024-11-05,156,81,South,Mobile App,2,1867,10,1159.37
745,2024-08-21,175,84,East,Marketplace,1,1247,0,716.06
746,2024-04-24,233,29,East,Mobile App,2,1138,0,717.93
747,2024-11-13,243,18,East,Mobile App,1,1096,20,809.65
748,2024-02-28,50,30,South,Website,2,1680,0,901.25
749,2024-06-30,150,97,East,Mobile App,1,871,0,474.27
750,2024-01-24,85,16,West,Website,3,2945,10,1696.64
751,2024-07-28,55,70,East,Mobile App,2,628,10,447.56
752,2024-04-06,62,93,West,Website,4,420,10,233.74
753,2024-04-07,174,46,North,Mobile App,1,2342,20,1512.04
754,2024-01-24,64,30,West,Website,3,1851,0,1043.08
755,2024-10-28,259,2,South,Marketplace,3,1062,20,556.76
756,2024-01-03,272,52,North,Mobile App,3,577,0,338.58
757,2024-08-09,300,97,West,Marketplace,2,2971,0,2128.96
758,2024-03-31,297,16,South,Mobile App,2,2800,30,2007.37
759,2024-03-06,54,5,West,Mobile App,1,2637,0,1698.57
760,2024-11-06,165,30,West,Website,3,2231,0,1698.97
761,2024-11-07,128,30,East,Website,3,2573,0,1563.75
762,2024-06-24,151,71,West,Marketplace,1,1595,0,1247.47
763,2024-03-11,212,19,East,Marketplace,1,442,0,282.86
764,2024-10-07,161,20,South,Website,1,527,10,416.28
765,2024-11-15,149,62,East,Marketplace,4,2586,0,1654.81
766,2024-03-08,92,85,East,Mobile App,1,2093,10,1340.38
767,2024-06-29,288,95,West,Mobile App,1,1565,0,884.41
768,2024-12-07,214,37,East,Marketplace,4,2395,0,1388.52
769,2024-08-04,7,20,North,Website,3,1992,10,1342.72
770,2024-03-15,28,85,North,Website,1,2566,20,1641.38
771,2024-03-23,147,42,East,Website,3,1864,0,1461.44
772,2024-02-01,152,95,South,Mobile App,2,451,0,294.37
773,2024-01-17,184,41,West,Website,1,1868,0,1095.83
774,2024-12-11,288,96,South,Mobile App,3,2338,10,1323.65
775,2024-10-14,200,98,South,Mobile App,1,503,0,385.08
776,2024-12-22,148,89,North,Marketplace,3,1834,10,1436.45
777,2024-07-17,214,40,East,Marketplace,2,932,0,694.72
778,2024-01-28,7,78,East,Website,1,1393,30,1062.5
779,2024-08-14,116,89,East,Mobile App,1,2490,0,1305.2
780,2024-10-06,101,18,South,Website,1,1541,20,908.98
781,2024-03-31,39,88,South,Marketplace,3,1208,0,858.97
782,2024-09-20,62,67,West,Website,1,649,20,510.17
783,2024-05-22,285,62,East,Website,1,784,20,565.98
784,2024-10-26,131,23,North,Website,1,2626,20,1340.28
785,2024-12-29,80,17,North,Website,1,2547,0,1763.11
786,2024-06-14,27,90,East,Website,1,1280,0,992.75
787,2024-10-20,282,81,East,Website,2,1204,20,750.8
788,2024-12-28,163,76,South,Marketplace,1,1068,10,774.04
789,2024-09-23,35,12,South,Website,1,2706,20,1601.2
790,2024-10-01,207,14,North,Website,4,2578,20,2027.59
791,2024-04-19,170,21,East,Website,1,2962,10,1590.89
792,2024-04-21,272,14,West,Marketplace,3,636,20,355.43
793,2024-11-28,5,5,North,Mobile App,1,2727,0,1901.01
794,2024-08-16,124,75,South,Marketplace,1,711,30,402.53
795,2024-12-15,165,86,West,Marketplace,1,2822,20,1597.4
796,2024-02-28,198,79,East,Mobile App,4,442,20,260.13
797,2024-05-24,13,88,East,Mobile App,1,1368,10,867.83
798,2024-09-17,229,3,West,Website,1,1846,0,1363.97
799,2024-11-29,99,89,East,Mobile App,1,913,0,536.45
800,2024-02-19,86,16,North,Mobile App,3,770,0,477.03
801,2024-04-17,110,12,West,Marketplace,2,1143,0,636.73
802,2024-04-15,276,11,West,Mobile App,1,1408,20,816.19
803,2024-02-06,79,91,North,Website,2,400,20,231.74
804,2024-06-18,20,7,North,Website,1,757,10,395.73
805,2024-04-01,129,67,North,Mobile App,1,2621,20,1448.04
806,2024-04-26,133,100,West,Website,1,1776,0,1066.2
807,2024-11-18,208,7,West,Website,4,2330,0,1422.34
808,2024-07-18,61,50,North,Mobile App,3,1155,0,592.8
809,2024-11-12,33,28,North,Mobile App,1,2626,20,1459.74
810,2024-02-07,184,8,North,Website,1,1661,0,831.99
811,2024-12-17,155,70,North,Website,2,406,10,311.69
812,2024-08-12,196,9,West,Marketplace,1,458,0,282.16
813,2024-01-16,243,43,South,Mobile App,4,407,0,222.57
814,2024-03-10,201,56,East,Marketplace,1,2210,10,1381.6
815,2024-03-14,153,36,East,Marketplace,2,553,10,404.69
816,2024-01-06,284,10,South,Website,2,1929,20,1480.8
817,2024-01-03,294,41,West,Mobile App,1,2425,10,1541.11
818,2024-02-13,157,27,South,Mobile App,1,1471,0,995.1
819,2024-06-25,109,42,West,Marketplace,1,1888,0,1205.22
820,2024-09-19,73,90,South,Website,4,2791,10,1637.29
821,2024-11-11,130,35,South,Website,1,2549,20,1671.66
822,2024-12-09,291,66,North,Marketplace,2,1958,0,1253.01
823,2024-10-08,237,10,North,Website,1,1527,20,819.87
824,2024-02-04,129,33,North,Website,1,1402,0,829.05
825,2024-10-24,250,20,East,Website,1,2938,0,1809.19
826,2024-12-09,121,1,North,Website,1,2468,20,1286.67
827,2024-02-05,100,22,East,Website,3,2586,0,1840.58
828,2024-06-17,157,67,South,Mobile App,1,2440,10,1839.1
829,2024-07-05,162,66,West,Website,1,762,0,597.78
830,2024-06-09,127,39,South,Mobile App,2,1307,10,726.48
831,2024-11-24,224,15,East,Marketplace,1,1111,10,650.59
832,2024-03-09,170,42,West,Website,1,2005,20,1088.81
833,2024-07-02,157,39,West,Mobile App,4,2735,0,1393.68
834,2024-03-30,42,18,East,Marketplace,3,2467,10,1870.48
835,2024-03-12,276,96,South,Website,1,1585,30,872.49
836,2024-11-16,40,43,North,Marketplace,3,1627,0,1216.39
837,2024-09-16,16,70,West,Mobile App,3,1747,0,913.85
838,2024-04-18,19,35,East,Mobile App,1,926,10,487.9
839,2024-10-03,242,96,South,Website,3,385,10,216.47
840,2024-04-24,149,100,South,Website,1,1703,0,1173.71
841,2024-09-18,47,30,West,Website,1,846,0,469.27
842,2024-01-06,123,74,South,Mobile App,3,2440,30,1649.62
843,2024-03-12,229,95,South,Website,3,1973,10,1102.59
844,2024-10-16,75,95,West,Marketplace,1,1133,0,589.17
845,2024-01-21,113,84,West,Website,5,2835,0,1958.03
846,2024-05-15,190,82,South,Website,3,632,10,350.37
847,2024-04-15,266,91,East,Website,4,2717,10,1586.05
848,2024-08-20,24,61,North,Marketplace,2,2694,10,2086.6
849,2024-06-14,53,50,East,Marketplace,2,1467,0,751.22
850,2024-05-14,297,18,South,Website,1,1750,30,1031.32
851,2024-07-12,188,62,North,Mobile App,2,1302,20,967.75
852,2024-07-11,115,54,West,Website,1,1885,20,1479.71
853,2024-06-25,250,87,West,Marketplace,2,2352,0,1881.14
854,2024-01-04,257,46,South,Website,1,1979,0,1256.25
855,2024-04-27,40,14,East,Website,1,995,10,655.82
856,2024-04-05,81,74,East,Mobile App,2,429,0,312.61
857,2024-03-01,118,34,West,Marketplace,3,2295,0,1519.49
858,2024-02-28,247,71,West,Website,2,773,10,404.86
859,2024-10-29,83,58,West,Website,2,2762,0,2049.56
860,2024-01-23,66,78,South,Website,1,2983,0,1694.57
861,2024-09-19,21,55,South,Website,1,2019,10,1283.02
862,2024-05-12,93,39,West,Mobile App,1,1914,0,1395.12
863,2024-10-15,10,57,East,Marketplace,4,1733,20,1269.16
864,2024-04-20,230,7,West,Marketplace,3,1378,10,1066.89
865,2024-03-28,113,14,West,Mobile App,1,1552,10,1217.6
866,2024-10-25,94,13,East,Website,2,2870,0,2142.31
867,2024-12-17,176,54,West,Mobile App,2,1509,0,977.88
868,2024-02-05,118,96,West,Website,3,552,20,373.19
869,2024-02-25,9,37,South,Mobile App,1,332,0,167.91
870,2024-09-15,215,66,South,Mobile App,5,848,10,605.72
871,2024-03-31,244,98,North,Marketplace,2,1804,10,1431.81
872,2024-09-29,258,69,North,Website,1,2464,0,1955.75
873,2024-12-03,67,59,North,Marketplace,5,2077,10,1358.66
874,2024-12-13,221,36,West,Website,1,1663,0,1310.31
875,2024-01-23,272,30,West,Website,5,690,0,449.36
876,2024-09-03,196,34,East,Mobile App,2,1329,10,873.9
877,2024-12-22,295,9,North,Website,1,1463,30,829.79
878,2024-05-10,245,12,South,Marketplace,5,2265,0,1177.51
879,2024-02-12,146,96,West,Website,3,2397,0,1525.24
880,2024-01-03,4,46,North,Mobile App,2,1073,0,719.19
881,2024-07-11,106,64,East,Website,3,1934,10,1219.97
882,2024-02-24,80,29,West,Mobile App,4,2635,0,1922.82
883,2024-05-09,134,12,West,Mobile App,3,888,0,611.8
884,2024-11-09,142,53,West,Mobile App,1,2213,10,1300.55
885,2024-07-30,283,52,West,Website,4,848,0,641.95
886,2024-10-13,285,9,West,Website,1,1695,0,1054.66
887,2024-06-06,296,23,East,Mobile App,2,1359,0,906.25
888,2024-07-22,71,58,North,Mobile App,1,2709,20,1833.71
889,2024-08-16,83,46,North,Website,5,2166,10,1496.62
890,2024-07-24,174,16,North,Website,1,1670,10,1135.52
891,2024-11-21,3,54,North,Marketplace,2,301,0,215.49
892,2024-08-29,223,70,North,Website,3,515,20,283.21
893,2024-04-23,190,32,North,Mobile App,1,2345,0,1872.39
894,2024-07-15,206,75,East,Mobile App,1,1315,10,753.92
895,2024-11-01,30,88,South,Mobile App,1,1312,20,761.14
896,2024-08-12,6,16,South,Marketplace,2,726,0,567.01
897,2024-09-22,147,68,South,Website,1,2077,20,1233.35
898,2024-11-02,262,55,South,Mobile App,1,1031,0,595.08
899,2024-12-11,19,99,East,Website,2,1222,20,749.55
900,2024-01-01,81,45,North,Marketplace,2,1577,10,1105.9
901,2024-07-23,181,71,West,Website,2,2827,0,1839.4
902,2024-04-12,266,2,North,Mobile App,1,1195,20,802.1
903,2024-02-05,47,98,East,Mobile App,2,2360,10,1423.7
904,2024-10-13,299,5,East,Website,1,713,20,453.82
905,2024-05-21,116,2,South,Website,1,462,20,348.82
906,2024-07-25,295,49,North,Website,1,852,30,445.83
907,2024-07-27,260,28,North,Mobile App,3,2140,0,1309.32
908,2024-09-14,151,37,East,Marketplace,1,2489,10,1915.09
909,2024-09-19,132,51,East,Mobile App,2,639,10,334.47
910,2024-07-12,289,15,West,Mobile App,1,2969,0,1610.87
911,2024-06-22,235,58,West,Marketplace,3,2983,0,2333.47
912,2024-01-15,247,63,North,Website,1,2624,20,2088.17
913,2024-07-14,113,38,South,Marketplace,1,1481,0,970.44
914,2024-07-30,181,61,North,Mobile App,1,731,20,408.74
915,2024-05-14,128,6,East,Website,1,2350,0,1797.63
916,2024-12-10,176,97,North,Mobile App,1,1924,0,1254.12
917,2024-04-01,244,24,East,Website,1,828,0,482.44
918,2024-10-20,138,29,South,Marketplace,4,2089,10,1668.67
919,2024-12-15,98,24,West,Mobile App,3,2714,0,2008.83
920,2024-04-30,124,78,East,Website,2,1959,0,1162.7
921,2024-04-13,128,17,East,Website,1,1911,0,1287.41
922,2024-02-24,62,92,North,Mobile App,5,2753,0,1462.73
923,2024-12-05,253,45,North,Mobile App,2,1051,0,777.87
924,2024-10-04,22,29,West,Website,2,943,10,610.22
925,2024-06-10,253,76,East,Website,2,1538,10,836.49
926,2024-09-18,144,47,West,Website,2,2706,0,2032.94
927,2024-10-22,66,11,North,Mobile App,4,871,0,568.74
928,2024-08-04,245,89,North,Mobile App,1,2683,10,1700.72
929,2024-07-20,90,31,West,Marketplace,1,2787,0,2216.52
930,2024-12-23,266,79,West,Website,1,1066,20,578.12
931,2024-01-05,7,11,South,Website,3,2664,0,1589.39
932,2024-02-21,167,52,East,Mobile App,1,1251,0,848.62
933,2024-05-12,96,77,East,Website,4,507,10,367.4
934,2024-08-29,176,24,East,Website,5,2198,10,1608.63
935,2024-08-05,108,93,West,Mobile App,1,2517,0,1946.45
936,2024-07-09,187,87,West,Website,1,2852,0,2264.48
937,2024-04-02,293,67,South,Marketplace,1,2504,0,1708.46
938,2024-12-17,118,47,North,Mobile App,1,2046,10,1223.25
939,2024-04-30,285,14,West,Marketplace,3,1457,10,977.34
940,2024-04-10,75,8,South,Website,1,2679,0,1541.58
941,2024-01-05,91,59,West,Website,2,749,0,571.29
942,2024-11-18,265,73,East,Mobile App,1,1954,10,1175.27
943,2024-06-02,129,34,North,Website,1,2317,0,1626.4
944,2024-12-19,84,36,North,Website,1,1213,0,806.8
945,2024-05-10,244,67,North,Website,3,1333,20,921.31
946,2024-06-20,134,14,East,Website,1,1419,30,935.01
947,2024-10-12,132,67,East,Website,1,1759,0,1306.71
948,2024-03-03,180,92,South,Mobile App,3,1423,0,891.29
949,2024-11-28,276,96,South,Marketplace,2,2594,10,1951.8
950,2024-05-25,182,29,East,Mobile App,5,2369,20,1749.21
951,2024-09-06,229,69,North,Website,1,830,0,581.11
952,2024-05-26,238,67,South,Marketplace,3,1828,20,993.05
953,2024-11-23,173,32,West,Mobile App,1,1220,0,662.01
954,2024-10-19,208,81,North,Website,1,2007,0,1384.66
955,2024-06-24,117,30,East,Website,1,1448,0,769.58
956,2024-05-29,137,52,West,Website,1,757,20,407.36
957,2024-08-15,186,78,West,Website,1,1506,10,770.65
958,2024-04-04,12,50,South,Mobile App,1,1245,0,748.0
959,2024-12-04,129,26,North,Website,3,1347,0,908.27
960,2024-07-22,53,17,North,Website,2,2005,20,1541.16
961,2024-08-30,281,44,North,Website,1,2211,10,1287.39
962,2024-07-22,269,2,North,Website,5,806,0,477.01
963,2024-11-12,80,24,North,Mobile App,4,2388,0,1569.08
964,2024-07-18,159,47,South,Website,3,980,20,519.77
965,2024-05-25,227,93,South,Website,1,2264,20,1493.97
966,2024-03-28,15,68,North,Mobile App,1,609,10,449.78
967,2024-06-15,244,74,West,Marketplace,1,960,0,648.43
968,2024-10-03,140,69,West,Website,1,892,0,549.04
969,2024-12-23,277,18,South,Mobile App,1,810,10,541.8
970,2024-08-21,289,24,West,Mobile App,2,2016,30,1258.84
971,2024-11-23,274,61,East,Marketplace,1,1646,10,1135.49
972,2024-09-03,277,1,South,Marketplace,3,2852,10,2230.47
973,2024-08-14,158,62,East,Website,3,506,0,383.43
974,2024-03-20,156,98,North,Website,1,1526,20,871.74
975,2024-03-10,177,2,East,Website,1,2058,0,1543.21
976,2024-01-05,252,77,West,Website,2,1071,10,687.17
977,2024-08-08,150,34,South,Mobile App,1,1243,0,677.7
978,2024-10-07,192,63,South,Website,2,1864,0,1014.11
979,2024-10-14,224,29,West,Website,3,2852,0,1748.77
980,2024-11-26,200,52,West,Website,3,2264,0,1228.57
981,2024-02-10,217,15,South,Mobile App,1,1862,0,1197.58
982,2024-11-09,140,62,East,Mobile App,1,734,30,440.88
983,2024-09-29,138,53,West,Website,4,774,20,389.76
984,2024-02-05,94,28,South,Website,1,1168,10,859.13
985,2024-11-22,234,45,West,Website,3,2655,0,2057.48
986,2024-11-14,252,4,South,Website,1,1871,0,1388.8
987,2024-03-18,26,79,North,Website,1,2839,0,2255.84
988,2024-02-22,145,58,East,Website,4,975,30,556.61
989,2024-08-12,5,25,South,Website,1,2520,0,1565.22
990,2024-01-08,253,46,South,Website,1,1522,10,1007.77
991,2024-06-08,256,88,East,Website,1,549,20,355.29
992,2024-01-17,170,64,North,Marketplace,4,2762,0,2150.98
993,2024-03-15,29,31,East,Mobile App,1,2095,0,1571.71
994,2024-02-06,279,5,West,Website,1,2627,0,1535.69
995,2024-05-08,196,93,North,Website,2,2086,20,1481.84
996,2024-05-07,198,17,West,Website,2,2972,10,1504.8
997,2024-01-18,102,71,West,Mobile App,3,1632,0,1234.15
998,2024-02-18,267,69,South,Website,1,394,0,258.06
999,2024-12-14,160,22,East,Website,1,2478,20,1432.26
1000,2024-01-22,282,52,North,Website,1,1440,10,870.08
1001,2024-11-22,153,85,South,Website,3,1157,0,900.7
1002,2024-01-27,112,77,North,Website,1,1785,10,1358.24
1003,2024-08-10,167,7,North,Website,2,452,20,359.01
1004,2024-05-21,300,9,North,Website,2,919,0,587.45
1005,2024-05-04,5,89,North,Mobile App,2,2804,0,2005.59
1006,2024-12-19,244,85,South,Website,3,2880,0,2238.4
1007,2024-02-15,128,68,South,Website,1,624,10,316.61
1008,2024-12-17,174,55,North,Website,1,2643,0,1907.7
1009,2024-11-26,79,31,North,Website,2,1202,10,634.95
1010,2024-04-29,163,11,East,Marketplace,1,508,10,344.24
1011,2024-08-12,99,76,North,Mobile App,1,1613,0,1075.18
1012,2024-07-02,69,3,East,Marketplace,1,2778,10,1625.18
1013,2024-09-05,225,78,East,Mobile App,2,2109,0,1297.29
1014,2024-09-07,98,54,South,Mobile App,1,2505,0,1744.45
1015,2024-06-14,240,47,East,Marketplace,2,2946,0,2135.37
1016,2024-11-02,284,18,South,Website,1,2186,10,1472.73
1017,2024-03-20,231,39,East,Marketplace,1,366,0,244.78
1018,2024-10-04,188,40,West,Website,1,1099,10,660.66
1019,2024-11-22,260,26,West,Mobile App,1,1997,0,1143.37
1020,2024-01-10,187,39,South,Website,1,2507,0,1934.97
1021,2024-02-02,276,68,West,Website,2,751,10,535.6
1022,2024-12-15,255,22,South,Mobile App,1,2977,0,1596.21
1023,2024-06-14,210,38,East,Website,5,1810,20,1033.26
1024,2024-09-24,35,54,North,Marketplace,1,2314,10,1846.63
1025,2024-03-07,92,34,North,Website,1,2670,0,1370.41
1026,2024-09-05,99,43,North,Website,1,1834,0,1357.54
1027,2024-11-24,199,64,West,Mobile App,1,1493,10,1086.45
1028,2024-12-25,132,64,North,Website,2,2825,0,1618.02
1029,2024-11-06,37,95,North,Marketplace,1,2051,0,1048.06
1030,2024-04-16,252,5,North,Website,1,439,10,266.76
1031,2024-11-23,32,30,East,Mobile App,4,569,10,293.91
1032,2024-07-31,189,70,North,Marketplace,3,1121,10,778.32
1033,2024-05-16,271,82,North,Mobile App,1,1836,0,1372.34
1034,2024-06-04,40,79,South,Marketplace,4,2436,30,1226.49
1035,2024-02-19,52,61,South,Mobile App,3,2408,10,1399.99
1036,2024-04-07,99,97,South,Mobile App,1,2475,0,1948.5
1037,2024-04-01,286,48,West,Mobile App,2,2845,0,2172.23
1038,2024-11-22,296,32,East,Mobile App,2,685,10,446.1
1039,2024-12-25,219,95,North,Website,2,1666,20,988.15
1040,2024-04-02,282,76,West,Mobile App,2,2723,20,1992.43
1041,2024-12-02,81,50,West,Marketplace,2,1786,30,924.13
1042,2024-06-10,282,57,East,Marketplace,3,2590,20,1992.76
1043,2024-07-30,221,36,East,Mobile App,3,901,0,451.24
1044,2024-10-15,280,52,South,Website,1,2591,10,1521.75
1045,2024-10-08,131,25,East,Marketplace,1,2797,0,2023.86
1046,2024-08-17,204,83,North,Mobile App,1,1433,0,780.76
1047,2024-05-25,9,65,South,Marketplace,4,535,0,316.88
1048,2024-06-03,4,30,East,Marketplace,2,2170,0,1485.2
1049,2024-04-19,162,98,North,Mobile App,5,1004,0,724.78
1050,2024-12-19,142,63,South,Website,1,2933,0,1956.49
1051,2024-08-23,183,75,South,Website,1,2342,0,1784.06
1052,2024-07-06,299,76,South,Website,1,2158,10,1323.65
1053,2024-06-02,48,100,West,Mobile App,2,2902,20,1930.65
1054,2024-04-21,40,73,East,Mobile App,4,2540,30,1602.43
1055,2024-03-29,250,15,North,Mobile App,2,1943,10,985.05
1056,2024-06-02,20,6,West,Website,2,717,20,459.8
1057,2024-01-29,172,43,East,Marketplace,2,1865,0,1271.87
1058,2024-08-10,214,32,North,Marketplace,2,2328,0,1520.29
1059,2024-04-26,6,2,West,Website,3,1235,20,631.96
1060,2024-09-25,22,44,East,Mobile App,2,885,0,684.41
1061,2024-03-17,168,58,South,Website,1,2851,0,2027.85
1062,2024-12-10,202,59,West,Mobile App,3,378,20,282.94
1063,2024-10-21,259,25,North,Website,1,2821,0,1811.45
1064,2024-05-28,202,22,South,Website,3,1656,20,1014.95
1065,2024-02-12,244,59,North,Mobile App,1,2081,10,1254.52
1066,2024-05-14,44,52,West,Mobile App,3,1245,0,943.05
1067,2024-12-23,67,3,South,Website,1,1777,0,1117.17
1068,2024-04-11,250,95,West,Mobile App,1,2322,10,1484.17
1069,2024-04-10,288,20,South,Website,4,2807,20,1740.69
1070,2024-05-16,221,100,East,Mobile App,1,1961,30,1344.16
1071,2024-10-21,46,66,North,Mobile App,2,2217,20,1130.06
1072,2024-08-04,188,60,East,Website,1,1108,0,681.64
1073,2024-06-25,13,73,East,Website,1,520,0,346.75
1074,2024-06-28,227,38,South,Website,1,2356,20,1784.27
1075,2024-04-29,103,41,East,Website,5,2744,0,1848.77
1076,2024-02-13,58,36,North,Website,1,2010,0,1214.67
1077,2024-11-13,76,20,East,Website,3,1726,20,972.99
1078,2024-12-21,57,22,East,Website,3,1304,20,842.07
1079,2024-01-12,170,32,South,Mobile App,2,1520,0,1209.08
1080,2024-04-18,105,70,East,Mobile App,3,1868,10,1352.7
1081,2024-11-14,73,50,North,Website,2,1050,0,735.93
1082,2024-12-05,270,20,North,Website,3,2849,0,1737.64
1083,2024-01-31,146,10,South,Mobile App,1,463,0,328.51
1084,2024-11-12,139,1,North,Website,1,1907,0,1444.74
1085,2024-01-05,35,2,West,Mobile App,1,535,10,422.7
1086,2024-12-05,185,73,North,Website,4,493,0,352.31
1087,2024-11-28,198,46,South,Marketplace,1,917,10,513.84
1088,2024-09-17,51,1,East,Website,5,723,10,478.87
1089,2024-11-01,273,69,North,Website,1,1056,0,691.9
1090,2024-09-13,235,85,North,Website,1,2468,0,1759.27
1091,2024-09-28,157,85,East,Website,3,713,0,560.92
1092,2024-03-21,10,54,East,Mobile App,2,716,10,570.3
1093,2024-06-30,155,90,South,Marketplace,1,1215,0,692.85
1094,2024-09-13,142,49,North,Mobile App,2,1055,0,775.87
1095,2024-07-17,16,24,East,Website,2,2502,0,1741.7
1096,2024-06-23,202,27,South,Website,2,986,0,663.65
1097,2024-07-14,267,27,South,Website,4,2004,0,1439.78
1098,2024-10-20,79,86,West,Marketplace,5,2875,0,2267.93
1099,2024-11-05,169,74,West,Mobile App,3,2152,20,1398.99
1100,2024-04-15,71,41,South,Marketplace,3,2940,10,1882.46
1101,2024-06-07,269,53,South,Website,1,927,0,534.34
1102,2024-03-15,290,91,South,Website,3,2643,0,1548.92
1103,2024-10-12,273,66,North,Website,3,1551,20,877.3
1104,2024-03-15,16,70,East,Marketplace,1,614,10,326.76
1105,2024-07-30,211,21,East,Website,1,2455,10,1932.88
1106,2024-11-22,141,65,South,Mobile App,5,1689,10,1303.2
1107,2024-02-24,68,39,South,Website,1,2563,20,1431.07
1108,2024-11-09,137,96,South,Mobile App,1,1775,0,1229.94
1109,2024-04-28,14,86,East,Website,2,700,0,403.2
1110,2024-09-01,69,1,West,Mobile App,2,733,10,505.06
1111,2024-07-10,95,94,West,Website,1,1006,10,582.79
1112,2024-03-11,84,66,South,Website,3,2103,0,1582.84
1113,2024-07-28,8,91,East,Marketplace,2,1035,10,700.9
1114,2024-04-23,104,48,South,Website,1,2815,0,2193.31
1115,2024-08-12,251,10,East,Marketplace,2,1246,0,734.35
1116,2024-05-06,219,90,West,Mobile App,3,2477,0,1974.36
1117,2024-11-07,195,100,East,Website,1,2855,10,2090.84
1118,2024-10-19,275,43,North,Mobile App,1,2895,0,1924.23
1119,2024-08-19,234,37,North,Marketplace,2,337,0,202.82
1120,2024-05-05,266,50,West,Marketplace,3,1015,0,531.39
1121,2024-01-21,286,30,West,Mobile App,3,2280,10,1204.08
1122,2024-11-18,26,36,South,Website,4,1173,0,602.87
1123,2024-07-22,156,52,East,Website,1,619,0,392.54
1124,2024-08-04,151,36,North,Mobile App,1,728,0,528.61
1125,2024-03-13,238,2,West,Website,1,1552,0,792.5
1126,2024-09-13,58,51,South,Mobile App,2,1792,20,1421.25
1127,2024-12-22,280,29,South,Website,3,993,0,768.75
1128,2024-06-14,231,15,North,Website,5,2370,20,1498.78
1129,2024-10-29,104,3,West,Website,4,1670,0,1180.05
1130,2024-06-14,84,23,North,Website,2,553,0,312.8
1131,2024-12-27,231,23,East,Website,1,2431,0,1428.68
1132,2024-12-28,197,9,South,Website,1,1086,30,844.08
1133,2024-07-13,23,35,South,Marketplace,2,1519,10,1078.32
1134,2024-10-16,77,91,South,Marketplace,1,709,0,531.65
1135,2024-04-01,27,86,West,Website,1,1875,0,1167.49
1136,2024-08-16,148,23,South,Website,4,2227,0,1673.62
1137,2024-03-08,104,1,North,Mobile App,1,1529,0,1158.19
1138,2024-05-09,7,85,West,Website,2,931,0,682.35
1139,2024-09-12,279,100,North,Mobile App,4,1318,0,909.02
1140,2024-09-09,122,65,South,Mobile App,4,1562,10,889.92
1141,2024-08-31,233,14,West,Website,1,745,20,469.81
1142,2024-11-03,4,48,South,Marketplace,1,861,0,647.57
1143,2024-05-22,286,35,South,Website,4,394,20,290.76
1144,2024-03-16,29,97,East,Website,3,1737,20,1044.94
1145,2024-01-17,296,38,East,Website,4,2375,20,1729.38
1146,2024-02-14,26,4,North,Website,2,2310,0,1679.62
1147,2024-04-01,83,71,East,Mobile App,2,706,0,564.24
1148,2024-12-20,294,14,South,Marketplace,3,556,20,283.52
1149,2024-10-23,185,55,North,Website,3,2880,0,2187.27
1150,2024-06-02,166,60,East,Marketplace,1,772,0,436.07
1151,2024-02-04,219,65,North,Website,3,1975,0,1200.87
1152,2024-03-09,63,61,East,Website,2,668,0,527.88
1153,2024-07-30,269,70,South,Mobile App,4,1544,20,899.97
1154,2024-11-09,30,60,North,Mobile App,3,2298,20,1736.08
1155,2024-11-18,271,57,North,Website,5,2383,20,1270.84
1156,2024-12-18,148,11,West,Mobile App,4,2465,20,1306.79
1157,2024-06-11,133,9,East,Marketplace,4,1145,0,781.73
1158,2024-11-10,289,35,West,Mobile App,1,343,10,211.08
1159,2024-11-19,255,65,West,Marketplace,5,1490,10,1062.25
1160,2024-11-08,120,17,East,Marketplace,2,835,10,628.05
1161,2024-01-01,61,75,North,Website,1,2272,0,1572.24
1162,2024-03-01,107,47,West,Website,3,2767,20,1957.36
1163,2024-06-19,180,28,South,Website,1,467,0,299.76
1164,2024-04-13,145,30,East,Mobile App,3,851,0,618.38
1165,2024-06-06,154,91,East,Mobile App,1,1069,20,569.56
1166,2024-02-28,171,12,East,Website,3,1993,0,1020.16
1167,2024-10-18,15,35,South,Website,3,2631,0,1533.91
1168,2024-06-22,246,59,West,Mobile App,1,2216,0,1161.09
1169,2024-11-26,70,96,West,Website,3,2099,20,1433.57
1170,2024-08-23,275,8,East,Website,1,2456,0,1337.1
1171,2024-07-30,29,92,East,Mobile App,3,2044,0,1231.18
1172,2024-12-13,162,10,North,Website,5,2032,20,1041.45
1173,2024-12-16,170,34,East,Website,1,2697,0,1633.44
1174,2024-03-17,144,51,North,Website,2,2573,0,1872.37
1175,2024-07-11,274,71,South,Mobile App,2,1699,0,1290.05
1176,2024-07-18,96,84,North,Marketplace,3,417,20,318.75
1177,2024-06-06,162,79,North,Website,4,710,10,500.43
1178,2024-02-14,255,35,South,Website,1,742,20,513.7
1179,2024-06-03,111,83,East,Website,1,2545,20,1726.91
1180,2024-07-10,20,89,South,Marketplace,1,1111,10,779.46
1181,2024-08-15,260,74,North,Mobile App,3,375,10,275.96
1182,2024-09-13,79,4,South,Website,1,441,20,295.03
1183,2024-09-04,269,63,East,Mobile App,1,2322,0,1573.17
1184,2024-03-14,51,62,South,Website,1,2262,0,1267.84
1185,2024-01-19,236,9,West,Mobile App,1,2197,10,1731.32
1186,2024-09-24,60,64,North,Website,2,2955,0,1829.92
1187,2024-01-23,45,1,East,Website,4,2759,20,1844.81
1188,2024-01-24,53,41,East,Website,1,792,0,458.79
1189,2024-06-08,108,24,East,Website,1,1799,20,1414.59
1190,2024-05-26,142,3,East,Mobile App,1,2898,10,1886.9
1191,2024-12-09,61,40,East,Website,1,2829,10,2074.39
1192,2024-05-20,59,81,North,Marketplace,4,1587,10,891.29
1193,2024-10-13,264,30,North,Website,2,2560,0,1459.76
1194,2024-06-28,282,10,East,Website,3,2057,0,1257.29
1195,2024-12-26,146,48,South,Website,2,832,0,461.91
1196,2024-06-08,174,28,West,Website,2,2201,10,1370.19
1197,2024-01-15,242,69,North,Website,1,2911,0,1522.35
1198,2024-01-28,45,24,West,Website,1,1649,0,883.88
1199,2024-12-26,229,40,East,Website,1,2529,10,1765.4
1200,2024-04-11,274,18,North,Marketplace,1,1802,0,1251.9
1201,2024-08-26,291,62,South,Website,3,1298,0,935.99
1202,2024-12-23,240,53,North,Website,1,1495,0,959.9
1203,2024-12-16,239,2,West,Website,3,1685,0,985.63
1204,2024-04-24,74,76,East,Marketplace,1,939,10,663.16
1205,2024-07-19,94,44,East,Mobile App,3,1136,0,659.0
1206,2024-06-15,233,92,West,Website,2,1434,0,862.7
1207,2024-08-31,58,89,East,Website,4,2936,0,1889.48
1208,2024-03-28,145,33,East,Mobile App,1,807,0,628.12
1209,2024-03-06,261,79,North,Website,2,1618,0,1159.4
1210,2024-02-24,167,51,North,Mobile App,1,1076,0,720.57
1211,2024-09-29,237,62,West,Mobile App,1,781,20,518.47
1212,2024-05-02,125,43,South,Marketplace,1,1959,20,1370.2
1213,2024-07-15,34,5,East,Website,1,2805,0,1456.11
1214,2024-12-21,221,8,West,Mobile App,1,1594,0,1204.31
1215,2024-06-24,279,3,South,Website,4,725,10,545.48
1216,2024-12-08,40,31,West,Website,2,2175,10,1293.52
1217,2024-11-01,238,4,East,Mobile App,5,2539,0,1537.72
1218,2024-08-15,91,21,East,Marketplace,1,474,0,250.36
1219,2024-02-05,56,82,West,Website,1,390,20,268.77
1220,2024-11-26,32,99,North,Website,1,1728,0,1141.7
1221,2024-03-12,298,85,North,Mobile App,1,693,0,522.4
1222,2024-12-04,77,16,West,Mobile App,3,1857,20,967.44
1223,2024-07-18,296,29,West,Website,2,2773,0,1643.67
1224,2024-12-14,163,55,East,Mobile App,1,2643,20,1700.47
1225,2024-12-13,156,37,West,Mobile App,5,567,0,395.8
1226,2024-06-25,46,57,North,Mobile App,1,1145,0,692.62
1227,2024-09-18,207,27,South,Marketplace,1,674,0,353.44
1228,2024-02-01,190,66,North,Website,1,837,0,503.79
1229,2024-10-13,184,13,North,Marketplace,1,2029,0,1279.4
1230,2024-01-16,121,87,West,Mobile App,1,2863,0,2027.56
1231,2024-07-20,163,88,West,Website,1,734,0,404.48
1232,2024-08-10,280,25,South,Mobile App,2,2866,10,1658.58
1233,2024-08-31,72,8,South,Mobile App,4,1481,10,766.82
1234,2024-07-03,214,52,South,Website,1,2300,0,1219.89
1235,2024-12-09,65,39,South,Website,1,1187,0,705.34
1236,2024-11-27,9,5,South,Mobile App,3,1097,30,768.58
1237,2024-09-06,224,8,South,Website,1,1379,0,972.3
1238,2024-11-24,213,51,West,Marketplace,1,635,0,449.89
1239,2024-12-22,218,17,South,Website,3,658,0,340.79
1240,2024-08-05,283,97,West,Website,2,1636,0,1063.93
1241,2024-04-25,96,26,West,Mobile App,1,2160,0,1148.33
1242,2024-10-22,256,4,South,Mobile App,1,2777,10,1925.32
1243,2024-05-17,211,77,East,Website,1,991,20,539.04
1244,2024-01-20,291,32,West,Mobile App,1,945,10,584.36
1245,2024-02-27,298,95,West,Marketplace,1,946,0,621.19
1246,2024-02-10,73,9,East,Website,5,1412,0,745.43
1247,2024-02-10,268,20,North,Website,5,2706,20,1956.84
1248,2024-11-18,40,75,East,Mobile App,3,1266,20,983.53
1249,2024-06-24,274,45,North,Website,3,1702,10,1234.75
1250,2024-09-19,241,40,East,Website,3,2280,0,1749.82
1251,2024-05-30,149,62,South,Website,2,2101,0,1238.59
1252,2024-11-01,156,40,East,Website,3,1514,0,998.28
1253,2024-08-30,297,20,South,Mobile App,1,2453,20,1657.37
1254,2024-12-02,150,93,North,Website,2,2289,0,1763.83
1255,2024-02-12,65,89,North,Marketplace,4,776,20,500.95
1256,2024-05-22,130,69,South,Mobile App,1,1967,20,1553.25
1257,2024-05-20,132,64,North,Mobile App,3,671,10,486.29
1258,2024-11-05,90,67,South,Mobile App,1,1033,0,553.11
1259,2024-07-08,90,7,East,Mobile App,1,1590,30,865.06
1260,2024-04-30,249,54,South,Mobile App,1,1744,0,1354.24
1261,2024-01-17,176,26,North,Marketplace,1,343,20,208.74
1262,2024-10-31,79,67,West,Mobile App,1,1170,20,838.13
1263,2024-07-30,197,26,South,Mobile App,5,334,30,231.28
1264,2024-11-22,86,71,South,Mobile App,4,2171,0,1271.02
1265,2024-06-25,28,100,East,Mobile App,3,2694,0,1941.23
1266,2024-02-29,27,57,South,Website,1,1087,0,633.72
1267,2024-08-31,155,26,West,Mobile App,1,2423,0,1235.97
1268,2024-09-29,120,5,West,Mobile App,1,2615,10,1595.53
1269,2024-07-18,243,82,East,Website,2,2483,30,1687.8
1270,2024-08-10,7,99,East,Marketplace,3,2411,0,1411.84
1271,2024-08-17,196,24,East,Marketplace,1,352,10,276.35
1272,2024-12-15,22,1,North,Marketplace,1,666,0,479.08
1273,2024-11-22,182,31,West,Mobile App,1,1808,0,951.75
1274,2024-11-29,140,3,East,Website,2,489,0,360.85
1275,2024-02-20,131,60,West,Website,1,2169,10,1517.08
1276,2024-12-11,124,37,South,Mobile App,1,1858,10,1241.69
1277,2024-12-12,93,10,East,Mobile App,1,1981,0,1386.16
1278,2024-12-10,5,8,North,Website,1,2977,20,1963.59
1279,2024-02-20,269,52,North,Mobile App,1,2447,20,1525.5
1280,2024-06-28,113,26,East,Website,1,1024,0,604.95
1281,2024-01-18,13,43,North,Website,2,1470,0,1131.67
1282,2024-10-31,112,68,North,Mobile App,2,2937,0,2224.48
1283,2024-03-02,45,27,South,Website,1,969,0,672.08
1284,2024-11-27,290,22,South,Marketplace,4,2166,0,1227.75
1285,2024-12-22,95,91,East,Website,2,409,0,208.64
1286,2024-12-04,39,93,West,Marketplace,2,1391,20,1057.38
1287,2024-05-21,219,57,East,Website,5,2471,0,1426.38
1288,2024-02-07,142,81,North,Website,4,1824,30,1298.11
1289,2024-06-19,31,60,East,Marketplace,1,904,0,596.54
1290,2024-05-15,92,64,West,Website,5,1035,10,789.4
1291,2024-04-12,202,12,South,Mobile App,1,1671,10,1142.35
1292,2024-02-25,74,85,West,Website,2,1397,0,959.93
1293,2024-11-25,55,19,West,Mobile App,3,1211,0,899.24
1294,2024-02-22,18,50,North,Website,2,2009,0,1054.18
1295,2024-05-08,229,63,North,Marketplace,2,648,0,439.6
1296,2024-03-17,1,81,North,Mobile App,2,1241,0,734.19
1297,2024-05-16,78,87,East,Marketplace,2,808,0,514.87
1298,2024-10-21,2,38,West,Website,1,2479,0,1240.08
1299,2024-07-25,36,78,South,Website,1,2067,0,1492.41
1300,2024-12-18,247,40,North,Mobile App,5,2453,20,1267.51
1301,2024-07-02,171,50,East,Website,1,1528,10,1064.03
1302,2024-11-19,47,66,East,Mobile App,2,2277,0,1585.04
1303,2024-06-23,42,7,West,Mobile App,1,1347,0,841.01
1304,2024-05-28,104,50,South,Mobile App,5,410,10,222.08
1305,2024-07-15,98,5,East,Mobile App,3,2829,10,2218.94
1306,2024-02-24,184,54,West,Website,1,2116,0,1642.72
1307,2024-11-19,225,69,South,Website,1,2142,10,1680.14
1308,2024-04-08,13,5,South,Website,1,2377,20,1681.96
1309,2024-02-02,277,95,East,Website,2,1462,10,1037.1
1310,2024-08-18,9,29,North,Website,1,1798,30,1199.36
1311,2024-06-21,22,50,West,Website,4,994,0,542.45
1312,2024-11-30,268,86,West,Marketplace,1,1882,0,1288.93
1313,2024-10-01,77,30,South,Marketplace,4,2330,20,1297.21
1314,2024-01-19,73,93,West,Mobile App,5,2694,30,1989.81
1315,2024-08-29,24,16,South,Mobile App,1,1787,30,1165.4
1316,2024-03-07,8,14,South,Mobile App,1,2480,0,1958.33
1317,2024-06-06,50,45,West,Mobile App,1,758,0,458.42
1318,2024-10-29,33,55,North,Website,4,1758,0,910.13
1319,2024-10-31,113,92,North,Marketplace,1,1465,0,829.72
1320,2024-08-06,173,100,West,Website,1,1888,30,1140.34
1321,2024-12-16,295,64,South,Website,2,2552,0,1538.87
1322,2024-04-19,24,11,South,Website,1,1721,10,1139.96
1323,2024-03-02,141,63,South,Mobile App,1,1314,20,672.96
1324,2024-03-27,190,64,South,Website,1,1562,0,1083.43
1325,2024-10-24,21,26,South,Website,2,583,20,403.91
1326,2024-11-19,193,98,South,Website,4,2829,20,2253.5
1327,2024-09-06,42,45,North,Website,3,403,20,263.21
1328,2024-02-15,146,48,West,Mobile App,2,1811,0,908.66
1329,2024-08-31,65,93,South,Website,2,2659,10,1604.29
1330,2024-05-18,268,70,West,Website,3,781,20,427.28
1331,2024-03-30,20,36,South,Mobile App,1,322,0,228.92
1332,2024-11-09,46,34,East,Website,1,2219,10,1344.16
1333,2024-01-03,286,18,South,Website,1,1926,10,1446.17
1334,2024-09-28,49,33,East,Marketplace,5,2154,0,1427.45
1335,2024-10-03,260,6,South,Website,4,583,0,355.27
1336,2024-11-16,107,50,East,Website,2,385,20,228.74
1337,2024-02-27,77,67,West,Website,2,580,10,348.6
1338,2024-03-22,23,3,North,Mobile App,1,1870,10,1181.85
1339,2024-05-25,108,97,West,Website,3,1665,30,868.7
1340,2024-11-11,233,20,North,Website,1,689,0,469.63
1341,2024-01-27,276,84,South,Website,3,556,20,321.07
1342,2024-01-15,249,8,North,Website,1,2803,20,1722.5
1343,2024-04-30,228,58,East,Website,1,550,0,299.23
1344,2024-12-12,167,6,South,Mobile App,2,2562,0,1333.8
1345,2024-06-15,117,30,North,Website,3,1853,10,1466.77
1346,2024-07-30,103,95,West,Marketplace,1,2038,10,1054.88
1347,2024-02-07,242,59,West,Website,2,2041,20,1271.56
1348,2024-08-11,75,47,South,Marketplace,2,2050,0,1519.91
1349,2024-08-20,92,42,West,Website,3,1446,0,792.55
1350,2024-08-22,100,53,East,Marketplace,2,713,10,470.8
1351,2024-04-13,172,75,South,Website,3,1402,20,942.73
1352,2024-10-18,31,35,East,Website,1,743,0,548.38
1353,2024-08-26,235,74,West,Website,2,2827,30,1881.73
1354,2024-06-24,113,81,East,Mobile App,2,1365,20,724.12
1355,2024-11-22,88,20,South,Website,2,2211,20,1492.84
1356,2024-09-24,251,20,South,Mobile App,1,1967,0,1514.11
1357,2024-08-24,143,1,North,Mobile App,1,2798,0,1555.84
1358,2024-05-06,127,93,East,Website,2,1379,0,795.11
1359,2024-04-23,77,19,North,Website,4,992,0,649.23
1360,2024-01-23,21,77,West,Mobile App,1,1290,30,928.15
1361,2024-09-15,18,75,West,Mobile App,1,1158,10,787.96
1362,2024-09-02,51,48,West,Website,1,1269,0,821.63
1363,2024-02-12,286,45,North,Mobile App,3,2281,0,1424.3
1364,2024-07-27,112,71,South,Website,1,2996,0,2246.74
1365,2024-05-02,47,73,North,Website,1,1584,10,1125.11
1366,2024-06-05,83,16,West,Marketplace,1,1761,10,1335.03
1367,2024-10-25,13,30,West,Website,1,935,0,723.2
1368,2024-03-11,208,34,South,Mobile App,3,2935,0,2163.01
1369,2024-07-08,238,11,North,Marketplace,2,2542,0,1766.53
1370,2024-02-06,198,87,East,Mobile App,2,721,10,531.24
1371,2024-05-31,219,48,East,Mobile App,2,1733,20,1015.83
1372,2024-11-09,278,40,South,Mobile App,1,2052,10,1268.16
1373,2024-02-11,172,94,North,Mobile App,1,2181,10,1146.78
1374,2024-12-11,187,47,North,Website,1,1583,0,909.5
1375,2024-07-06,239,16,North,Website,3,441,0,346.29
1376,2024-03-30,287,30,North,Mobile App,1,2785,0,1394.08
1377,2024-04-14,71,70,East,Website,1,595,10,341.45
1378,2024-02-28,245,42,South,Mobile App,1,2818,0,1466.8
1379,2024-04-25,165,41,East,Marketplace,1,1397,0,936.32
1380,2024-09-14,217,55,East,Website,2,2238,0,1558.69
1381,2024-07-09,177,56,West,Website,1,2337,20,1623.26
1382,2024-09-26,63,3,West,Mobile App,2,471,0,316.01
1383,2024-12-13,273,63,East,Website,3,1497,30,942.84
1384,2024-07-07,34,89,South,Marketplace,2,598,20,381.93
1385,2024-08-22,45,22,North,Website,3,1978,10,1347.77
1386,2024-04-01,148,49,North,Website,1,2849,0,2172.22
1387,2024-05-21,58,32,South,Website,4,1443,10,989.07
1388,2024-04-14,267,45,North,Website,2,905,30,512.99
1389,2024-12-15,278,47,South,Website,2,1526,0,1072.02
1390,2024-08-03,228,47,North,Website,4,2176,20,1090.98
1391,2024-02-02,12,23,South,Marketplace,2,1757,10,1391.77
1392,2024-09-23,172,72,West,Mobile App,4,763,10,433.56
1393,2024-12-01,168,84,West,Mobile App,1,692,0,346.55
1394,2024-12-22,272,31,West,Website,4,1389,10,780.9
1395,2024-10-17,68,79,East,Website,1,2895,30,1950.36
1396,2024-05-13,117,5,West,Website,3,1569,20,1225.2
1397,2024-05-27,25,51,South,Website,1,2463,0,1703.69
1398,2024-08-21,86,76,South,Mobile App,3,876,0,608.9
1399,2024-05-26,94,25,South,Marketplace,1,461,0,305.11
1400,2024-12-20,79,41,South,Website,1,2265,10,1761.3
1401,2024-01-22,163,97,South,Website,2,1836,20,1339.49
1402,2024-07-08,95,42,South,Mobile App,1,2575,20,1419.44
1403,2024-01-18,163,21,East,Website,1,2763,20,2044.02
1404,2024-08-17,277,81,South,Mobile App,1,633,10,362.99
1405,2024-03-03,13,80,West,Marketplace,1,2337,0,1627.99
1406,2024-03-15,235,47,East,Website,2,2369,0,1850.87
1407,2024-10-06,260,79,East,Mobile App,3,2826,0,2019.07
1408,2024-05-31,243,56,East,Marketplace,1,2395,0,1220.92
1409,2024-10-20,76,34,West,Website,2,1854,10,1456.44
1410,2024-02-27,246,9,North,Website,1,1687,0,937.16
1411,2024-10-09,60,50,East,Website,1,2814,0,2133.05
1412,2024-11-12,113,85,West,Website,1,1848,10,1040.22
1413,2024-06-16,29,87,South,Mobile App,1,2790,0,1467.32
1414,2024-04-23,143,23,South,Website,1,2743,10,1717.48
1415,2024-10-02,229,26,North,Marketplace,3,1269,0,968.88
1416,2024-07-20,100,41,West,Website,3,428,0,293.89
1417,2024-11-05,262,90,North,Marketplace,1,1182,10,881.27
1418,2024-07-03,204,12,South,Mobile App,1,2696,0,1937.53
1419,2024-08-06,190,84,West,Website,3,2439,0,1520.05
1420,2024-05-25,177,62,East,Website,2,2218,30,1714.25
1421,2024-08-16,288,87,North,Website,3,2370,0,1251.56
1422,2024-08-15,213,62,West,Website,3,973,0,605.52
1423,2024-08-05,213,57,South,Marketplace,2,933,20,519.91
1424,2024-11-02,45,5,South,Website,3,610,0,329.58
1425,2024-08-31,269,97,East,Website,3,2437,0,1711.26
1426,2024-10-29,193,19,North,Website,2,1187,10,775.46
1427,2024-11-23,140,16,West,Website,3,2859,0,2078.09
1428,2024-08-24,291,25,South,Website,1,651,0,513.9
1429,2024-07-14,149,80,West,Website,1,341,0,259.97
1430,2024-06-03,300,82,East,Website,3,450,0,301.27
1431,2024-08-25,115,44,North,Mobile App,1,1922,20,970.05
1432,2024-03-19,135,81,East,Marketplace,1,2108,20,1683.83
1433,2024-11-21,242,74,North,Mobile App,3,1810,20,939.03
1434,2024-05-27,214,90,South,Website,1,1201,0,644.27
1435,2024-12-18,126,85,North,Website,2,2567,0,1924.44
1436,2024-05-21,253,30,North,Mobile App,1,927,30,673.48
1437,2024-07-04,298,5,West,Mobile App,2,2373,0,1779.17
1438,2024-05-12,244,3,North,Website,2,2973,10,2353.77
1439,2024-10-21,9,62,East,Website,4,2306,10,1214.69
1440,2024-01-30,75,12,East,Website,1,2750,30,1811.58
1441,2024-12-20,70,65,East,Website,5,2441,0,1521.48
1442,2024-05-19,185,2,West,Mobile App,1,1751,30,1284.87
1443,2024-07-01,25,94,East,Website,1,1839,0,961.49
1444,2024-11-23,40,43,South,Mobile App,1,1661,0,1214.12
1445,2024-04-03,49,76,South,Mobile App,1,2598,20,2021.74
1446,2024-06-10,155,88,East,Mobile App,3,785,20,504.43
1447,2024-12-18,186,97,North,Mobile App,1,1146,20,676.38
1448,2024-06-29,74,84,North,Website,1,875,10,646.93
1449,2024-05-24,191,78,West,Website,2,2869,30,1972.28
1450,2024-03-24,53,54,South,Website,1,1176,20,676.85
1451,2024-04-23,97,33,North,Website,2,2161,0,1646.49
1452,2024-02-09,60,89,South,Marketplace,1,523,0,348.65
1453,2024-09-02,179,2,East,Mobile App,5,686,10,431.73
1454,2024-03-12,227,84,East,Website,1,2630,10,2004.26
1455,2024-06-04,15,30,North,Website,4,515,0,389.38
1456,2024-12-21,73,71,South,Website,1,2396,10,1370.72
1457,2024-04-17,67,60,North,Website,3,800,10,559.07
1458,2024-02-27,40,39,North,Mobile App,1,2210,0,1271.83
1459,2024-08-08,22,56,South,Website,2,1294,20,926.61
1460,2024-12-03,263,47,North,Website,2,1692,10,1071.0
1461,2024-05-09,23,16,North,Website,4,2539,10,1975.02
1462,2024-01-06,50,60,North,Marketplace,1,1633,10,1043.07
1463,2024-04-15,103,42,South,Mobile App,1,2118,20,1147.35
1464,2024-01-15,47,72,South,Marketplace,2,2302,0,1535.59
1465,2024-05-22,297,92,East,Website,1,324,0,166.4
1466,2024-09-13,124,1,North,Website,1,422,20,297.29
1467,2024-10-23,8,15,South,Mobile App,2,2429,20,1445.95
1468,2024-05-24,88,26,North,Marketplace,3,1370,0,875.72
1469,2024-02-20,110,40,West,Website,4,2406,10,1621.32
1470,2024-10-28,95,9,West,Mobile App,2,2334,20,1319.93
1471,2024-02-24,93,91,East,Marketplace,2,1030,20,650.27
1472,2024-08-05,110,64,South,Website,3,1563,10,1182.28
1473,2024-06-09,64,4,West,Website,3,2924,0,1883.78
1474,2024-03-10,254,86,East,Mobile App,5,1870,0,1295.07
1475,2024-10-12,21,27,North,Website,1,2943,0,2142.14
1476,2024-02-29,198,16,East,Website,1,2443,0,1226.31
1477,2024-06-08,228,98,South,Mobile App,1,1791,10,1147.51
1478,2024-05-28,220,39,South,Marketplace,1,746,20,545.0
1479,2024-08-31,189,76,South,Website,1,2273,20,1164.83
1480,2024-12-11,252,90,North,Website,1,892,0,601.87
1481,2024-09-24,44,43,North,Website,1,2104,20,1063.0
1482,2024-07-24,53,69,South,Website,3,2384,30,1320.38
1483,2024-04-11,174,12,South,Mobile App,1,2086,20,1450.25
1484,2024-07-25,63,79,South,Marketplace,4,1286,0,1023.6
1485,2024-09-12,143,3,East,Mobile App,1,1707,0,1164.38
1486,2024-11-25,205,29,East,Website,2,2592,0,1895.04
1487,2024-11-04,208,23,West,Mobile App,1,2703,0,1885.71
1488,2024-03-16,233,34,North,Website,4,2556,0,1835.0
1489,2024-09-07,255,61,South,Mobile App,2,651,10,446.38
1490,2024-03-09,16,77,North,Mobile App,1,1596,30,1185.44
1491,2024-02-04,256,36,North,Marketplace,5,2905,0,1670.43
1492,2024-07-14,168,83,South,Website,2,2192,0,1433.13
1493,2024-11-15,50,64,North,Mobile App,2,2541,0,1364.52
1494,2024-09-23,253,25,West,Website,1,2223,10,1216.95
1495,2024-12-04,255,54,West,Mobile App,2,739,0,417.26
1496,2024-10-04,176,58,North,Marketplace,1,548,10,335.02
1497,2024-01-17,221,76,North,Website,1,783,10,625.03
1498,2024-06-10,193,71,West,Website,1,1231,10,705.03
1499,2024-01-17,91,9,East,Marketplace,3,2389,20,1890.06
1500,2024-03-25,252,46,West,Website,2,2152,0,1639.72
